date,airline_name,departure_time,departure_location,arrival_time,arrival_location,additional_info,ticket_price,seat_info
20230801,제주항공,07:10,ICN,09:00,KIX,"직항, 01시간 50분","332,800",프리미엄일반석
20230801,아시아나항공,08:00,ICN,09:45,KIX,"직항, 01시간 45분","390,300",프리미엄일반석
20230801,아시아나항공,14:05,ICN,15:50,KIX,"직항, 01시간 45분","390,300",프리미엄일반석
20230801,아시아나항공,19:20,ICN,21:05,KIX,"직항, 01시간 45분","390,300",프리미엄일반석
20230801,티웨이항공,12:10,ICN,14:00,KIX,"직항, 01시간 50분","433,300",프리미엄일반석
20230801,일본항공,09:35,ICN,11:20,KIX,"직항, 01시간 45분","497,300",프리미엄일반석
20230801,일본항공,15:20,ICN,17:15,KIX,"직항, 01시간 55분","497,300",프리미엄일반석
20230801,일본항공,18:55,ICN,21:00,KIX,"직항, 02시간 05분","497,300",프리미엄일반석
20230801,ANA,08:00,ICN,09:45,KIX,"직항, 01시간 45분","515,700",프리미엄일반석
20230801,ANA,14:05,ICN,15:50,KIX,"직항, 01시간 45분","515,700",프리미엄일반석
20230801,ANA,19:20,ICN,21:05,KIX,"직항, 01시간 45분","515,700",프리미엄일반석
20230801,대한항공,09:35,ICN,11:20,KIX,"직항, 01시간 45분","519,100",프리미엄일반석
20230801,대한항공,15:20,ICN,17:15,KIX,"직항, 01시간 55분","554,900",프리미엄일반석
20230801,대한항공,18:55,ICN,21:00,KIX,"직항, 02시간 05분","554,900",프리미엄일반석
20230802,제주항공,07:10,ICN,09:00,KIX,"직항, 01시간 50분","332,800",프리미엄일반석
20230802,아시아나항공,14:05,ICN,15:50,KIX,"직항, 01시간 45분","365,982",프리미엄일반석
20230802,아시아나항공,19:20,ICN,21:05,KIX,"직항, 01시간 45분","365,982",프리미엄일반석
20230802,티웨이항공,12:10,ICN,14:00,KIX,"직항, 01시간 50분","433,300",프리미엄일반석
20230802,아시아나항공,08:00,ICN,09:45,KIX,"직항, 01시간 45분","479,585",프리미엄일반석
20230802,일본항공,15:20,ICN,17:15,KIX,"직항, 01시간 55분","483,801",프리미엄일반석
20230802,일본항공,18:55,ICN,21:00,KIX,"직항, 02시간 05분","483,801",프리미엄일반석
20230802,일본항공,09:35,ICN,11:20,KIX,"직항, 01시간 45분","483,801",프리미엄일반석
20230802,대한항공,09:35,ICN,11:20,KIX,"직항, 01시간 45분","486,798",프리미엄일반석
20230802,ANA,14:05,ICN,15:50,KIX,"직항, 01시간 45분","489,759",프리미엄일반석
20230802,대한항공,15:20,ICN,17:15,KIX,"직항, 01시간 55분","528,708",프리미엄일반석
20230802,대한항공,18:55,ICN,21:00,KIX,"직항, 02시간 05분","528,708",프리미엄일반석
20230803,제주항공,07:10,ICN,09:00,KIX,"직항, 01시간 50분","332,800",프리미엄일반석
20230803,아시아나항공,14:05,ICN,15:50,KIX,"직항, 01시간 45분","365,982",프리미엄일반석
20230803,아시아나항공,08:00,ICN,09:45,KIX,"직항, 01시간 45분","395,130",프리미엄일반석
20230803,아시아나항공,19:20,ICN,21:05,KIX,"직항, 01시간 45분","395,130",프리미엄일반석
20230803,티웨이항공,12:10,ICN,13:55,KIX,"직항, 01시간 45분","433,300",프리미엄일반석
20230803,일본항공,09:35,ICN,11:20,KIX,"직항, 01시간 45분","483,801",프리미엄일반석
20230803,일본항공,18:55,ICN,21:00,KIX,"직항, 02시간 05분","483,801",프리미엄일반석
20230803,대한항공,09:35,ICN,11:20,KIX,"직항, 01시간 45분","486,798",프리미엄일반석
20230803,ANA,08:00,ICN,09:45,KIX,"직항, 01시간 45분","489,759",프리미엄일반석
20230803,ANA,14:05,ICN,15:50,KIX,"직항, 01시간 45분","489,759",프리미엄일반석
20230803,대한항공,18:55,ICN,21:00,KIX,"직항, 02시간 05분","528,708",프리미엄일반석
20230804,제주항공,07:10,ICN,09:00,KIX,"직항, 01시간 50분","363,400",프리미엄일반석
20230804,아시아나항공,08:00,ICN,09:45,KIX,"직항, 01시간 45분","365,982",프리미엄일반석
20230804,아시아나항공,14:05,ICN,15:50,KIX,"직항, 01시간 45분","365,982",프리미엄일반석
20230804,아시아나항공,19:20,ICN,21:05,KIX,"직항, 01시간 45분","395,130",프리미엄일반석
20230804,티웨이항공,12:10,ICN,13:55,KIX,"직항, 01시간 45분","433,300",프리미엄일반석
20230804,일본항공,09:35,ICN,11:20,KIX,"직항, 01시간 45분","483,801",프리미엄일반석
20230804,일본항공,18:55,ICN,21:00,KIX,"직항, 02시간 05분","483,801",프리미엄일반석
20230804,대한항공,09:35,ICN,11:20,KIX,"직항, 01시간 45분","486,798",프리미엄일반석
20230804,ANA,08:00,ICN,09:45,KIX,"직항, 01시간 45분","489,759",프리미엄일반석
20230804,ANA,14:05,ICN,15:50,KIX,"직항, 01시간 45분","489,759",프리미엄일반석
20230804,대한항공,18:55,ICN,21:00,KIX,"직항, 02시간 05분","528,708",프리미엄일반석
20230804,대한항공,15:20,ICN,17:15,KIX,"직항, 01시간 55분","528,708",프리미엄일반석
20230805,제주항공,07:10,ICN,09:00,KIX,"직항, 01시간 50분","363,400",프리미엄일반석
20230805,아시아나항공,08:00,ICN,09:45,KIX,"직항, 01시간 45분","390,300",프리미엄일반석
20230805,아시아나항공,19:20,ICN,21:05,KIX,"직항, 01시간 45분","390,300",프리미엄일반석
20230805,아시아나항공,14:05,ICN,15:50,KIX,"직항, 01시간 45분","390,300",프리미엄일반석
20230805,티웨이항공,12:10,ICN,14:00,KIX,"직항, 01시간 50분","433,300",프리미엄일반석
20230805,일본항공,09:35,ICN,11:20,KIX,"직항, 01시간 45분","497,300",프리미엄일반석
20230805,일본항공,18:55,ICN,21:00,KIX,"직항, 02시간 05분","497,300",프리미엄일반석
20230805,ANA,08:00,ICN,09:45,KIX,"직항, 01시간 45분","515,700",프리미엄일반석
20230805,ANA,14:05,ICN,15:50,KIX,"직항, 01시간 45분","515,700",프리미엄일반석
20230805,ANA,19:20,ICN,21:05,KIX,"직항, 01시간 45분","515,700",프리미엄일반석
20230805,대한항공,09:35,ICN,11:20,KIX,"직항, 01시간 45분","519,100",프리미엄일반석
20230805,대한항공,18:55,ICN,21:00,KIX,"직항, 02시간 05분","554,900",프리미엄일반석
20230805,대한항공,15:20,ICN,17:15,KIX,"직항, 01시간 55분","554,900",프리미엄일반석
20230806,티웨이항공,12:10,ICN,14:00,KIX,"직항, 01시간 50분","309,800",프리미엄일반석
20230806,제주항공,07:10,ICN,09:00,KIX,"직항, 01시간 50분","363,400",프리미엄일반석
20230806,아시아나항공,08:00,ICN,09:45,KIX,"직항, 01시간 45분","365,982",프리미엄일반석
20230806,한에어,12:10,ICN,14:00,KIX,"직항, 01시간 50분","412,395",프리미엄일반석
20230806,아시아나항공,19:20,ICN,21:05,KIX,"직항, 01시간 45분","479,585",프리미엄일반석
20230806,일본항공,09:35,ICN,11:20,KIX,"직항, 01시간 45분","483,801",프리미엄일반석
20230806,대한항공,09:35,ICN,11:20,KIX,"직항, 01시간 45분","486,798",프리미엄일반석
20230806,ANA,08:00,ICN,09:45,KIX,"직항, 01시간 45분","489,759",프리미엄일반석
20230807,제주항공,07:10,ICN,09:00,KIX,"직항, 01시간 50분","218,200",프리미엄일반석
20230807,티웨이항공,12:10,ICN,13:55,KIX,"직항, 01시간 45분","309,800",프리미엄일반석
20230807,아시아나항공,08:00,ICN,09:45,KIX,"직항, 01시간 45분","365,968",프리미엄일반석
20230807,아시아나항공,19:20,ICN,21:05,KIX,"직항, 01시간 45분","365,968",프리미엄일반석
20230807,아시아나항공,14:05,ICN,15:50,KIX,"직항, 01시간 45분","395,130",프리미엄일반석
20230807,한에어,12:10,ICN,13:55,KIX,"직항, 01시간 45분","412,381",프리미엄일반석
20230807,일본항공,09:35,ICN,11:20,KIX,"직항, 01시간 45분","483,787",프리미엄일반석
20230807,ANA,08:00,ICN,09:45,KIX,"직항, 01시간 45분","489,745",프리미엄일반석
20230807,ANA,19:20,ICN,21:05,KIX,"직항, 01시간 45분","489,745",프리미엄일반석
20230807,대한항공,18:55,ICN,21:00,KIX,"직항, 02시간 05분","528,708",프리미엄일반석
20230807,대한항공,09:35,ICN,11:20,KIX,"직항, 01시간 45분","528,708",프리미엄일반석
20230808,제주항공,07:10,ICN,09:00,KIX,"직항, 01시간 50분","218,200",프리미엄일반석
20230808,티웨이항공,12:10,ICN,14:00,KIX,"직항, 01시간 50분","309,800",프리미엄일반석
20230808,아시아나항공,08:00,ICN,09:45,KIX,"직항, 01시간 45분","365,897",프리미엄일반석
20230808,아시아나항공,14:05,ICN,15:50,KIX,"직항, 01시간 45분","365,897",프리미엄일반석
20230808,아시아나항공,19:20,ICN,21:05,KIX,"직항, 01시간 45분","365,897",프리미엄일반석
20230808,한에어,12:10,ICN,14:00,KIX,"직항, 01시간 50분","412,310",프리미엄일반석
20230808,일본항공,09:35,ICN,11:20,KIX,"직항, 01시간 45분","483,716",프리미엄일반석
20230808,일본항공,15:20,ICN,17:15,KIX,"직항, 01시간 55분","483,716",프리미엄일반석
20230808,일본항공,18:55,ICN,21:00,KIX,"직항, 02시간 05분","483,716",프리미엄일반석
20230808,대한항공,09:35,ICN,11:20,KIX,"직항, 01시간 45분","486,798",프리미엄일반석
20230808,ANA,14:05,ICN,15:50,KIX,"직항, 01시간 45분","489,674",프리미엄일반석
20230808,ANA,19:20,ICN,21:05,KIX,"직항, 01시간 45분","489,674",프리미엄일반석
20230808,ANA,08:00,ICN,09:45,KIX,"직항, 01시간 45분","489,674",프리미엄일반석
20230808,대한항공,18:55,ICN,21:00,KIX,"직항, 02시간 05분","528,708",프리미엄일반석
20230808,대한항공,15:20,ICN,17:15,KIX,"직항, 01시간 55분","528,708",프리미엄일반석
20230809,제주항공,07:10,ICN,09:00,KIX,"직항, 01시간 50분","218,200",프리미엄일반석
20230809,티웨이항공,12:10,ICN,14:00,KIX,"직항, 01시간 50분","309,800",프리미엄일반석
20230809,아시아나항공,14:05,ICN,15:50,KIX,"직항, 01시간 45분","365,882",프리미엄일반석
20230809,아시아나항공,08:00,ICN,09:45,KIX,"직항, 01시간 45분","365,882",프리미엄일반석
20230809,아시아나항공,19:20,ICN,21:05,KIX,"직항, 01시간 45분","395,045",프리미엄일반석
20230809,한에어,12:10,ICN,14:00,KIX,"직항, 01시간 50분","412,295",프리미엄일반석
20230809,일본항공,09:35,ICN,11:20,KIX,"직항, 01시간 45분","483,702",프리미엄일반석
20230809,일본항공,15:20,ICN,17:15,KIX,"직항, 01시간 55분","483,702",프리미엄일반석
20230809,일본항공,18:55,ICN,21:00,KIX,"직항, 02시간 05분","483,702",프리미엄일반석
20230809,대한항공,09:35,ICN,11:20,KIX,"직항, 01시간 45분","486,798",프리미엄일반석
20230809,ANA,08:00,ICN,09:45,KIX,"직항, 01시간 45분","489,660",프리미엄일반석
20230809,ANA,14:05,ICN,15:50,KIX,"직항, 01시간 45분","489,660",프리미엄일반석
20230809,대한항공,18:55,ICN,21:00,KIX,"직항, 02시간 05분","528,708",프리미엄일반석
20230809,대한항공,15:20,ICN,17:15,KIX,"직항, 01시간 55분","528,708",프리미엄일반석
20230810,제주항공,07:10,ICN,09:00,KIX,"직항, 01시간 50분","218,200",프리미엄일반석
20230810,티웨이항공,12:10,ICN,13:55,KIX,"직항, 01시간 45분","309,800",프리미엄일반석
20230810,아시아나항공,14:05,ICN,15:50,KIX,"직항, 01시간 45분","390,300",프리미엄일반석
20230810,아시아나항공,08:00,ICN,09:45,KIX,"직항, 01시간 45분","390,300",프리미엄일반석
20230810,아시아나항공,19:20,ICN,21:05,KIX,"직항, 01시간 45분","420,300",프리미엄일반석
20230810,일본항공,09:35,ICN,11:20,KIX,"직항, 01시간 45분","497,300",프리미엄일반석
20230810,일본항공,15:20,ICN,17:15,KIX,"직항, 01시간 55분","497,300",프리미엄일반석
20230810,ANA,08:00,ICN,09:45,KIX,"직항, 01시간 45분","515,700",프리미엄일반석
20230810,ANA,14:05,ICN,15:50,KIX,"직항, 01시간 45분","515,700",프리미엄일반석
20230810,대한항공,09:35,ICN,11:20,KIX,"직항, 01시간 45분","519,100",프리미엄일반석
20230810,대한항공,15:20,ICN,17:15,KIX,"직항, 01시간 55분","554,900",프리미엄일반석
20230811,제주항공,07:10,ICN,09:00,KIX,"직항, 01시간 50분","363,400",프리미엄일반석
20230811,아시아나항공,08:00,ICN,09:45,KIX,"직항, 01시간 45분","420,300",프리미엄일반석
20230811,아시아나항공,19:20,ICN,21:05,KIX,"직항, 01시간 45분","420,300",프리미엄일반석
20230811,아시아나항공,14:05,ICN,15:50,KIX,"직항, 01시간 45분","420,300",프리미엄일반석
20230811,티웨이항공,12:10,ICN,13:55,KIX,"직항, 01시간 45분","433,300",프리미엄일반석
20230811,일본항공,15:20,ICN,17:15,KIX,"직항, 01시간 55분","497,300",프리미엄일반석
20230811,일본항공,18:55,ICN,21:00,KIX,"직항, 02시간 05분","497,300",프리미엄일반석
20230811,일본항공,09:35,ICN,11:20,KIX,"직항, 01시간 45분","497,300",프리미엄일반석
20230811,ANA,08:00,ICN,09:45,KIX,"직항, 01시간 45분","515,700",프리미엄일반석
20230811,ANA,14:05,ICN,15:50,KIX,"직항, 01시간 45분","515,700",프리미엄일반석
20230811,ANA,19:20,ICN,21:05,KIX,"직항, 01시간 45분","515,700",프리미엄일반석
20230811,대한항공,09:35,ICN,11:20,KIX,"직항, 01시간 45분","519,100",프리미엄일반석
20230811,대한항공,18:55,ICN,21:00,KIX,"직항, 02시간 05분","554,900",프리미엄일반석
20230811,대한항공,15:20,ICN,17:15,KIX,"직항, 01시간 55분","554,900",프리미엄일반석
20230812,제주항공,07:10,ICN,09:00,KIX,"직항, 01시간 50분","363,400",프리미엄일반석
20230812,아시아나항공,08:00,ICN,09:45,KIX,"직항, 01시간 45분","390,300",프리미엄일반석
20230812,티웨이항공,12:10,ICN,14:00,KIX,"직항, 01시간 50분","433,300",프리미엄일반석
20230812,ANA,08:00,ICN,09:45,KIX,"직항, 01시간 45분","515,700",프리미엄일반석
20230812,아시아나항공,14:05,ICN,15:50,KIX,"직항, 01시간 45분","519,000",프리미엄일반석
20230813,제주항공,07:10,ICN,09:00,KIX,"직항, 01시간 50분","332,800",프리미엄일반석
20230813,티웨이항공,12:10,ICN,14:00,KIX,"직항, 01시간 50분","390,500",프리미엄일반석
20230813,아시아나항공,08:00,ICN,09:45,KIX,"직항, 01시간 45분","420,300",프리미엄일반석
20230813,일본항공,09:35,ICN,11:20,KIX,"직항, 01시간 45분","497,300",프리미엄일반석
20230813,대한항공,09:35,ICN,11:20,KIX,"직항, 01시간 45분","554,900",프리미엄일반석
20230814,제주항공,07:10,ICN,09:00,KIX,"직항, 01시간 50분","363,400",프리미엄일반석
20230814,아시아나항공,08:00,ICN,09:45,KIX,"직항, 01시간 45분","390,300",프리미엄일반석
20230814,티웨이항공,12:10,ICN,13:55,KIX,"직항, 01시간 45분","390,500",프리미엄일반석
20230814,일본항공,09:35,ICN,11:20,KIX,"직항, 01시간 45분","497,300",프리미엄일반석
20230814,ANA,08:00,ICN,09:45,KIX,"직항, 01시간 45분","515,700",프리미엄일반석
20230814,대한항공,09:35,ICN,11:20,KIX,"직항, 01시간 45분","519,100",프리미엄일반석
20230816,제주항공,07:10,ICN,09:00,KIX,"직항, 01시간 50분","363,400",프리미엄일반석
20230816,아시아나항공,08:00,ICN,09:45,KIX,"직항, 01시간 45분","390,300",프리미엄일반석
20230816,티웨이항공,12:10,ICN,14:00,KIX,"직항, 01시간 50분","433,300",프리미엄일반석
20230816,일본항공,09:35,ICN,11:20,KIX,"직항, 01시간 45분","497,300",프리미엄일반석
20230816,ANA,08:00,ICN,09:45,KIX,"직항, 01시간 45분","515,700",프리미엄일반석
20230816,ANA,19:20,ICN,21:05,KIX,"직항, 01시간 45분","515,700",프리미엄일반석
20230816,아시아나항공,19:20,ICN,21:05,KIX,"직항, 01시간 45분","519,000",프리미엄일반석
20230816,대한항공,09:35,ICN,11:20,KIX,"직항, 01시간 45분","519,100",프리미엄일반석
20230817,티웨이항공,12:10,ICN,13:55,KIX,"직항, 01시간 45분","309,800",프리미엄일반석
20230817,제주항공,07:10,ICN,09:00,KIX,"직항, 01시간 50분","363,400",프리미엄일반석
20230817,아시아나항공,08:00,ICN,09:45,KIX,"직항, 01시간 45분","390,300",프리미엄일반석
20230817,아시아나항공,14:05,ICN,15:50,KIX,"직항, 01시간 45분","390,300",프리미엄일반석
20230817,아시아나항공,19:20,ICN,21:05,KIX,"직항, 01시간 45분","420,300",프리미엄일반석
20230817,일본항공,09:35,ICN,11:20,KIX,"직항, 01시간 45분","497,300",프리미엄일반석
20230817,일본항공,18:55,ICN,21:00,KIX,"직항, 02시간 05분","497,300",프리미엄일반석
20230817,ANA,08:00,ICN,09:45,KIX,"직항, 01시간 45분","515,700",프리미엄일반석
20230817,ANA,14:05,ICN,15:50,KIX,"직항, 01시간 45분","515,700",프리미엄일반석
20230817,ANA,19:20,ICN,21:05,KIX,"직항, 01시간 45분","515,700",프리미엄일반석
20230817,대한항공,09:35,ICN,11:20,KIX,"직항, 01시간 45분","519,100",프리미엄일반석
20230817,대한항공,18:55,ICN,21:00,KIX,"직항, 02시간 05분","554,900",프리미엄일반석
20230817,대한항공,15:20,ICN,17:15,KIX,"직항, 01시간 55분","554,900",프리미엄일반석
20230818,아시아나항공,14:05,ICN,15:50,KIX,"직항, 01시간 45분","390,300",프리미엄일반석
20230818,아시아나항공,08:00,ICN,09:45,KIX,"직항, 01시간 45분","390,300",프리미엄일반석
20230818,아시아나항공,19:20,ICN,21:05,KIX,"직항, 01시간 45분","390,300",프리미엄일반석
20230818,티웨이항공,12:10,ICN,13:55,KIX,"직항, 01시간 45분","390,500",프리미엄일반석
20230818,제주항공,07:10,ICN,09:00,KIX,"직항, 01시간 50분","420,700",프리미엄일반석
20230818,일본항공,09:35,ICN,11:20,KIX,"직항, 01시간 45분","497,300",프리미엄일반석
20230818,일본항공,15:20,ICN,17:15,KIX,"직항, 01시간 55분","497,300",프리미엄일반석
20230818,ANA,08:00,ICN,09:45,KIX,"직항, 01시간 45분","515,700",프리미엄일반석
20230818,ANA,14:05,ICN,15:50,KIX,"직항, 01시간 45분","515,700",프리미엄일반석
20230818,ANA,19:20,ICN,21:05,KIX,"직항, 01시간 45분","515,700",프리미엄일반석
20230818,대한항공,09:35,ICN,11:20,KIX,"직항, 01시간 45분","519,100",프리미엄일반석
20230818,대한항공,15:20,ICN,17:15,KIX,"직항, 01시간 55분","554,900",프리미엄일반석
20230819,아시아나항공,08:00,ICN,09:45,KIX,"직항, 01시간 45분","390,300",프리미엄일반석
20230819,티웨이항공,12:10,ICN,14:00,KIX,"직항, 01시간 50분","390,500",프리미엄일반석
20230819,제주항공,07:10,ICN,09:00,KIX,"직항, 01시간 50분","420,700",프리미엄일반석
20230819,일본항공,09:35,ICN,11:20,KIX,"직항, 01시간 45분","497,300",프리미엄일반석
20230819,일본항공,15:20,ICN,17:15,KIX,"직항, 01시간 55분","497,300",프리미엄일반석
20230819,ANA,08:00,ICN,09:45,KIX,"직항, 01시간 45분","515,700",프리미엄일반석
20230819,아시아나항공,14:05,ICN,15:50,KIX,"직항, 01시간 45분","519,000",프리미엄일반석
20230819,아시아나항공,19:20,ICN,21:05,KIX,"직항, 01시간 45분","519,000",프리미엄일반석
20230819,대한항공,09:35,ICN,11:20,KIX,"직항, 01시간 45분","519,100",프리미엄일반석
20230819,대한항공,15:20,ICN,17:15,KIX,"직항, 01시간 55분","554,900",프리미엄일반석
20230820,티웨이항공,12:10,ICN,14:00,KIX,"직항, 01시간 50분","309,800",프리미엄일반석
20230820,제주항공,07:10,ICN,09:00,KIX,"직항, 01시간 50분","363,400",프리미엄일반석
20230820,아시아나항공,08:00,ICN,09:45,KIX,"직항, 01시간 45분","390,300",프리미엄일반석
20230820,아시아나항공,14:05,ICN,15:50,KIX,"직항, 01시간 45분","420,300",프리미엄일반석
20230820,일본항공,09:35,ICN,11:20,KIX,"직항, 01시간 45분","497,300",프리미엄일반석
20230820,ANA,08:00,ICN,09:45,KIX,"직항, 01시간 45분","515,700",프리미엄일반석
20230820,대한항공,09:35,ICN,11:20,KIX,"직항, 01시간 45분","519,100",프리미엄일반석
20230821,티웨이항공,12:10,ICN,13:55,KIX,"직항, 01시간 45분","309,800",프리미엄일반석
20230821,제주항공,07:10,ICN,09:00,KIX,"직항, 01시간 50분","363,400",프리미엄일반석
20230821,아시아나항공,14:05,ICN,15:50,KIX,"직항, 01시간 45분","390,300",프리미엄일반석
20230821,아시아나항공,08:00,ICN,09:45,KIX,"직항, 01시간 45분","420,300",프리미엄일반석
20230821,아시아나항공,19:20,ICN,21:05,KIX,"직항, 01시간 45분","420,300",프리미엄일반석
20230821,일본항공,09:35,ICN,11:20,KIX,"직항, 01시간 45분","497,300",프리미엄일반석
20230821,ANA,08:00,ICN,09:45,KIX,"직항, 01시간 45분","515,700",프리미엄일반석
20230821,ANA,14:05,ICN,15:50,KIX,"직항, 01시간 45분","515,700",프리미엄일반석
20230821,ANA,19:20,ICN,21:05,KIX,"직항, 01시간 45분","515,700",프리미엄일반석
20230821,대한항공,09:35,ICN,11:20,KIX,"직항, 01시간 45분","519,100",프리미엄일반석
20230822,제주항공,07:10,ICN,09:00,KIX,"직항, 01시간 50분","227,700",프리미엄일반석
20230822,티웨이항공,12:10,ICN,14:00,KIX,"직항, 01시간 50분","309,800",프리미엄일반석
20230822,아시아나항공,08:00,ICN,09:45,KIX,"직항, 01시간 45분","390,300",프리미엄일반석
20230822,아시아나항공,14:05,ICN,15:50,KIX,"직항, 01시간 45분","390,300",프리미엄일반석
20230822,아시아나항공,19:20,ICN,21:05,KIX,"직항, 01시간 45분","390,300",프리미엄일반석
20230822,일본항공,09:35,ICN,11:20,KIX,"직항, 01시간 45분","497,300",프리미엄일반석
20230822,일본항공,15:20,ICN,17:15,KIX,"직항, 01시간 55분","497,300",프리미엄일반석
20230822,ANA,19:20,ICN,21:05,KIX,"직항, 01시간 45분","515,700",프리미엄일반석
20230822,ANA,14:05,ICN,15:50,KIX,"직항, 01시간 45분","515,700",프리미엄일반석
20230822,ANA,08:00,ICN,09:45,KIX,"직항, 01시간 45분","515,700",프리미엄일반석
20230822,대한항공,09:35,ICN,11:20,KIX,"직항, 01시간 45분","519,100",프리미엄일반석
20230822,대한항공,18:55,ICN,21:00,KIX,"직항, 02시간 05분","554,900",프리미엄일반석
20230822,대한항공,15:20,ICN,17:15,KIX,"직항, 01시간 55분","554,900",프리미엄일반석
20230823,제주항공,07:10,ICN,09:00,KIX,"직항, 01시간 50분","227,700",프리미엄일반석
20230823,티웨이항공,12:10,ICN,14:00,KIX,"직항, 01시간 50분","309,800",프리미엄일반석
20230823,아시아나항공,08:00,ICN,09:45,KIX,"직항, 01시간 45분","390,300",프리미엄일반석
20230823,아시아나항공,14:05,ICN,15:50,KIX,"직항, 01시간 45분","390,300",프리미엄일반석
20230823,아시아나항공,19:20,ICN,21:05,KIX,"직항, 01시간 45분","390,300",프리미엄일반석
20230823,일본항공,09:35,ICN,11:20,KIX,"직항, 01시간 45분","497,300",프리미엄일반석
20230823,일본항공,15:20,ICN,17:15,KIX,"직항, 01시간 55분","497,300",프리미엄일반석
20230823,일본항공,18:55,ICN,21:00,KIX,"직항, 02시간 05분","497,300",프리미엄일반석
20230823,ANA,08:00,ICN,09:45,KIX,"직항, 01시간 45분","515,700",프리미엄일반석
20230823,ANA,14:05,ICN,15:50,KIX,"직항, 01시간 45분","515,700",프리미엄일반석
20230823,대한항공,09:35,ICN,11:20,KIX,"직항, 01시간 45분","519,100",프리미엄일반석
20230823,대한항공,15:20,ICN,17:15,KIX,"직항, 01시간 55분","554,900",프리미엄일반석
20230823,대한항공,18:55,ICN,21:00,KIX,"직항, 02시간 05분","554,900",프리미엄일반석
20230824,티웨이항공,12:10,ICN,13:55,KIX,"직항, 01시간 45분","309,800",프리미엄일반석
20230824,제주항공,07:10,ICN,09:00,KIX,"직항, 01시간 50분","363,400",프리미엄일반석
20230824,아시아나항공,08:00,ICN,09:45,KIX,"직항, 01시간 45분","390,300",프리미엄일반석
20230824,아시아나항공,14:05,ICN,15:50,KIX,"직항, 01시간 45분","390,300",프리미엄일반석
20230824,아시아나항공,19:20,ICN,21:05,KIX,"직항, 01시간 45분","390,300",프리미엄일반석
20230824,일본항공,09:35,ICN,11:20,KIX,"직항, 01시간 45분","497,300",프리미엄일반석
20230824,일본항공,15:20,ICN,17:15,KIX,"직항, 01시간 55분","497,300",프리미엄일반석
20230824,ANA,08:00,ICN,09:45,KIX,"직항, 01시간 45분","515,700",프리미엄일반석
20230824,ANA,14:05,ICN,15:50,KIX,"직항, 01시간 45분","515,700",프리미엄일반석
20230824,ANA,19:20,ICN,21:05,KIX,"직항, 01시간 45분","515,700",프리미엄일반석
20230824,대한항공,09:35,ICN,11:20,KIX,"직항, 01시간 45분","519,100",프리미엄일반석
20230824,대한항공,15:20,ICN,17:15,KIX,"직항, 01시간 55분","554,900",프리미엄일반석
20230825,제주항공,07:10,ICN,09:00,KIX,"직항, 01시간 50분","227,700",프리미엄일반석
20230825,아시아나항공,08:00,ICN,09:45,KIX,"직항, 01시간 45분","390,300",프리미엄일반석
20230825,아시아나항공,14:05,ICN,15:50,KIX,"직항, 01시간 45분","390,300",프리미엄일반석
20230825,아시아나항공,19:20,ICN,21:05,KIX,"직항, 01시간 45분","390,300",프리미엄일반석
20230825,티웨이항공,12:10,ICN,13:55,KIX,"직항, 01시간 45분","390,500",프리미엄일반석
20230825,일본항공,09:35,ICN,11:20,KIX,"직항, 01시간 45분","497,300",프리미엄일반석
20230825,일본항공,15:20,ICN,17:15,KIX,"직항, 01시간 55분","497,300",프리미엄일반석
20230825,일본항공,18:55,ICN,21:00,KIX,"직항, 02시간 05분","497,300",프리미엄일반석
20230825,ANA,08:00,ICN,09:45,KIX,"직항, 01시간 45분","515,700",프리미엄일반석
20230825,ANA,14:05,ICN,15:50,KIX,"직항, 01시간 45분","515,700",프리미엄일반석
20230825,ANA,19:20,ICN,21:05,KIX,"직항, 01시간 45분","515,700",프리미엄일반석
20230825,대한항공,18:55,ICN,21:00,KIX,"직항, 02시간 05분","554,900",프리미엄일반석
20230825,대한항공,09:35,ICN,11:20,KIX,"직항, 01시간 45분","554,900",프리미엄일반석
20230825,대한항공,15:20,ICN,17:15,KIX,"직항, 01시간 55분","554,900",프리미엄일반석
20230826,아시아나항공,14:05,ICN,15:50,KIX,"직항, 01시간 45분","390,300",프리미엄일반석
20230826,아시아나항공,08:00,ICN,09:45,KIX,"직항, 01시간 45분","390,300",프리미엄일반석
20230826,아시아나항공,19:20,ICN,21:05,KIX,"직항, 01시간 45분","390,300",프리미엄일반석
20230826,티웨이항공,12:10,ICN,14:00,KIX,"직항, 01시간 50분","390,500",프리미엄일반석
20230826,제주항공,07:10,ICN,09:00,KIX,"직항, 01시간 50분","420,700",프리미엄일반석
20230826,일본항공,09:35,ICN,11:20,KIX,"직항, 01시간 45분","497,300",프리미엄일반석
20230826,일본항공,15:20,ICN,17:15,KIX,"직항, 01시간 55분","497,300",프리미엄일반석
20230826,ANA,08:00,ICN,09:45,KIX,"직항, 01시간 45분","515,700",프리미엄일반석
20230826,ANA,14:05,ICN,15:50,KIX,"직항, 01시간 45분","515,700",프리미엄일반석
20230826,ANA,19:20,ICN,21:05,KIX,"직항, 01시간 45분","515,700",프리미엄일반석
20230826,대한항공,09:35,ICN,11:20,KIX,"직항, 01시간 45분","519,100",프리미엄일반석
20230826,대한항공,15:20,ICN,17:15,KIX,"직항, 01시간 55분","554,900",프리미엄일반석
20230827,티웨이항공,12:10,ICN,14:00,KIX,"직항, 01시간 50분","309,800",프리미엄일반석
20230827,제주항공,07:10,ICN,09:00,KIX,"직항, 01시간 50분","363,400",프리미엄일반석
20230827,아시아나항공,08:00,ICN,09:45,KIX,"직항, 01시간 45분","390,300",프리미엄일반석
20230827,아시아나항공,14:05,ICN,15:50,KIX,"직항, 01시간 45분","420,300",프리미엄일반석
20230827,일본항공,09:35,ICN,11:20,KIX,"직항, 01시간 45분","497,300",프리미엄일반석
20230827,ANA,08:00,ICN,09:45,KIX,"직항, 01시간 45분","515,700",프리미엄일반석
20230827,대한항공,09:35,ICN,11:20,KIX,"직항, 01시간 45분","554,900",프리미엄일반석
20230828,티웨이항공,12:10,ICN,13:55,KIX,"직항, 01시간 45분","309,800",프리미엄일반석
20230828,제주항공,07:10,ICN,09:00,KIX,"직항, 01시간 50분","363,400",프리미엄일반석
20230828,아시아나항공,08:00,ICN,09:45,KIX,"직항, 01시간 45분","390,300",프리미엄일반석
20230828,아시아나항공,14:05,ICN,15:50,KIX,"직항, 01시간 45분","390,300",프리미엄일반석
20230828,아시아나항공,19:20,ICN,21:05,KIX,"직항, 01시간 45분","390,300",프리미엄일반석
20230828,일본항공,09:35,ICN,11:20,KIX,"직항, 01시간 45분","497,300",프리미엄일반석
20230828,일본항공,15:20,ICN,17:15,KIX,"직항, 01시간 55분","497,300",프리미엄일반석
20230828,일본항공,18:55,ICN,21:00,KIX,"직항, 02시간 05분","497,300",프리미엄일반석
20230828,ANA,08:00,ICN,09:45,KIX,"직항, 01시간 45분","515,700",프리미엄일반석
20230828,ANA,14:05,ICN,15:50,KIX,"직항, 01시간 45분","515,700",프리미엄일반석
20230828,대한항공,09:35,ICN,11:20,KIX,"직항, 01시간 45분","519,100",프리미엄일반석
20230828,대한항공,15:20,ICN,17:15,KIX,"직항, 01시간 55분","554,900",프리미엄일반석
20230828,대한항공,18:55,ICN,21:00,KIX,"직항, 02시간 05분","554,900",프리미엄일반석
20230829,제주항공,07:10,ICN,09:00,KIX,"직항, 01시간 50분","227,700",프리미엄일반석
20230829,티웨이항공,12:10,ICN,14:00,KIX,"직항, 01시간 50분","309,800",프리미엄일반석
20230829,아시아나항공,08:00,ICN,09:45,KIX,"직항, 01시간 45분","390,300",프리미엄일반석
20230829,아시아나항공,14:05,ICN,15:50,KIX,"직항, 01시간 45분","390,300",프리미엄일반석
20230829,아시아나항공,19:20,ICN,21:05,KIX,"직항, 01시간 45분","390,300",프리미엄일반석
20230829,일본항공,09:35,ICN,11:20,KIX,"직항, 01시간 45분","497,300",프리미엄일반석
20230829,일본항공,15:20,ICN,17:15,KIX,"직항, 01시간 55분","497,300",프리미엄일반석
20230829,일본항공,18:55,ICN,21:00,KIX,"직항, 02시간 05분","497,300",프리미엄일반석
20230829,ANA,08:00,ICN,09:45,KIX,"직항, 01시간 45분","515,700",프리미엄일반석
20230829,ANA,14:05,ICN,15:50,KIX,"직항, 01시간 45분","515,700",프리미엄일반석
20230829,ANA,19:20,ICN,21:05,KIX,"직항, 01시간 45분","515,700",프리미엄일반석
20230829,대한항공,09:35,ICN,11:20,KIX,"직항, 01시간 45분","519,100",프리미엄일반석
20230829,대한항공,15:20,ICN,17:15,KIX,"직항, 01시간 55분","554,900",프리미엄일반석
20230829,대한항공,18:55,ICN,21:00,KIX,"직항, 02시간 05분","554,900",프리미엄일반석
20230830,제주항공,07:10,ICN,09:00,KIX,"직항, 01시간 50분","227,700",프리미엄일반석
20230830,티웨이항공,12:10,ICN,14:00,KIX,"직항, 01시간 50분","309,800",프리미엄일반석
20230830,아시아나항공,14:05,ICN,15:50,KIX,"직항, 01시간 45분","364,520",프리미엄일반석
20230830,아시아나항공,08:00,ICN,09:45,KIX,"직항, 01시간 45분","364,520",프리미엄일반석
20230830,아시아나항공,19:20,ICN,21:05,KIX,"직항, 01시간 45분","364,520",프리미엄일반석
20230830,한에어,12:10,ICN,14:00,KIX,"직항, 01시간 50분","411,373",프리미엄일반석
20230830,일본항공,09:35,ICN,11:20,KIX,"직항, 01시간 45분","483,787",프리미엄일반석
20230830,일본항공,15:20,ICN,17:15,KIX,"직항, 01시간 55분","483,787",프리미엄일반석
20230830,대한항공,09:35,ICN,11:20,KIX,"직항, 01시간 45분","486,798",프리미엄일반석
20230830,ANA,08:00,ICN,09:45,KIX,"직항, 01시간 45분","489,532",프리미엄일반석
20230830,ANA,14:05,ICN,15:50,KIX,"직항, 01시간 45분","489,532",프리미엄일반석
20230830,ANA,19:20,ICN,21:05,KIX,"직항, 01시간 45분","489,532",프리미엄일반석
20230830,대한항공,15:20,ICN,17:15,KIX,"직항, 01시간 55분","528,708",프리미엄일반석
20230831,제주항공,07:10,ICN,09:00,KIX,"직항, 01시간 50분","227,700",프리미엄일반석
20230831,티웨이항공,12:10,ICN,13:55,KIX,"직항, 01시간 45분","309,800",프리미엄일반석
20230831,아시아나항공,08:00,ICN,09:45,KIX,"직항, 01시간 45분","390,300",프리미엄일반석
20230831,아시아나항공,14:05,ICN,15:50,KIX,"직항, 01시간 45분","390,300",프리미엄일반석
20230831,일본항공,09:35,ICN,11:20,KIX,"직항, 01시간 45분","497,300",프리미엄일반석
20230831,일본항공,15:20,ICN,17:15,KIX,"직항, 01시간 55분","497,300",프리미엄일반석
20230831,일본항공,18:55,ICN,21:00,KIX,"직항, 02시간 05분","497,300",프리미엄일반석
20230831,ANA,08:00,ICN,09:45,KIX,"직항, 01시간 45분","515,700",프리미엄일반석
20230831,ANA,14:05,ICN,15:50,KIX,"직항, 01시간 45분","515,700",프리미엄일반석
20230831,아시아나항공,19:20,ICN,21:05,KIX,"직항, 01시간 45분","519,000",프리미엄일반석
20230831,대한항공,09:35,ICN,11:20,KIX,"직항, 01시간 45분","519,100",프리미엄일반석
20230831,대한항공,18:55,ICN,21:00,KIX,"직항, 02시간 05분","554,900",프리미엄일반석
20230831,대한항공,15:20,ICN,17:15,KIX,"직항, 01시간 55분","554,900",프리미엄일반석
