date,airline_name,departure_time,departure_location,arrival_time,arrival_location,additional_info,ticket_price,seat_info
20230801,제주항공,07:10,ICN,09:00,KIX,"직항, 01시간 50분","312,400",비즈니스
20230801,아시아나항공,14:05,ICN,15:50,KIX,"직항, 01시간 45분","359,900",비즈니스
20230801,아시아나항공,08:00,ICN,09:45,KIX,"직항, 01시간 45분","359,900",비즈니스
20230801,아시아나항공,19:20,ICN,21:05,KIX,"직항, 01시간 45분","359,900",비즈니스
20230801,티웨이항공,12:10,ICN,14:00,KIX,"직항, 01시간 50분","366,250",비즈니스
20230801,일본항공,18:55,ICN,21:00,KIX,"직항, 02시간 05분","452,700",비즈니스
20230801,일본항공,15:20,ICN,17:15,KIX,"직항, 01시간 55분","452,700",비즈니스
20230801,일본항공,09:35,ICN,11:20,KIX,"직항, 01시간 45분","452,700",비즈니스
20230801,ANA,19:20,ICN,21:05,KIX,"직항, 01시간 45분","453,100",비즈니스
20230801,ANA,14:05,ICN,15:50,KIX,"직항, 01시간 45분","453,100",비즈니스
20230801,ANA,08:00,ICN,09:45,KIX,"직항, 01시간 45분","453,100",비즈니스
20230801,대한항공,09:35,ICN,11:20,KIX,"직항, 01시간 45분","468,200",비즈니스
20230801,대한항공,18:55,ICN,21:00,KIX,"직항, 02시간 05분","500,500",비즈니스
20230801,대한항공,15:20,ICN,17:15,KIX,"직항, 01시간 55분","500,500",비즈니스
20230802,제주항공,07:10,ICN,09:00,KIX,"직항, 01시간 50분","312,400",비즈니스
20230802,아시아나항공,19:20,ICN,21:05,KIX,"직항, 01시간 45분","359,900",비즈니스
20230802,아시아나항공,14:05,ICN,15:50,KIX,"직항, 01시간 45분","359,900",비즈니스
20230802,티웨이항공,12:10,ICN,14:00,KIX,"직항, 01시간 50분","366,250",비즈니스
20230802,일본항공,15:20,ICN,17:15,KIX,"직항, 01시간 55분","452,700",비즈니스
20230802,일본항공,18:55,ICN,21:00,KIX,"직항, 02시간 05분","452,700",비즈니스
20230802,일본항공,09:35,ICN,11:20,KIX,"직항, 01시간 45분","452,700",비즈니스
20230802,ANA,14:05,ICN,15:50,KIX,"직항, 01시간 45분","453,100",비즈니스
20230802,대한항공,09:35,ICN,11:20,KIX,"직항, 01시간 45분","468,200",비즈니스
20230802,아시아나항공,08:00,ICN,09:45,KIX,"직항, 01시간 45분","480,700",비즈니스
20230802,대한항공,15:20,ICN,17:15,KIX,"직항, 01시간 55분","500,500",비즈니스
20230802,대한항공,18:55,ICN,21:00,KIX,"직항, 02시간 05분","500,500",비즈니스
20230803,제주항공,07:10,ICN,09:00,KIX,"직항, 01시간 50분","312,400",비즈니스
20230803,아시아나항공,14:05,ICN,15:50,KIX,"직항, 01시간 45분","359,900",비즈니스
20230803,티웨이항공,12:10,ICN,13:55,KIX,"직항, 01시간 45분","366,250",비즈니스
20230803,아시아나항공,08:00,ICN,09:45,KIX,"직항, 01시간 45분","388,000",비즈니스
20230803,아시아나항공,19:20,ICN,21:05,KIX,"직항, 01시간 45분","388,000",비즈니스
20230803,일본항공,18:55,ICN,21:00,KIX,"직항, 02시간 05분","452,700",비즈니스
20230803,일본항공,09:35,ICN,11:20,KIX,"직항, 01시간 45분","452,700",비즈니스
20230803,ANA,08:00,ICN,09:45,KIX,"직항, 01시간 45분","453,100",비즈니스
20230803,ANA,14:05,ICN,15:50,KIX,"직항, 01시간 45분","453,100",비즈니스
20230803,대한항공,09:35,ICN,11:20,KIX,"직항, 01시간 45분","468,200",비즈니스
20230803,대한항공,18:55,ICN,21:00,KIX,"직항, 02시간 05분","500,500",비즈니스
20230804,제주항공,07:10,ICN,09:00,KIX,"직항, 01시간 50분","213,800",비즈니스
20230804,아시아나항공,08:00,ICN,09:45,KIX,"직항, 01시간 45분","359,900",비즈니스
20230804,아시아나항공,14:05,ICN,15:50,KIX,"직항, 01시간 45분","359,900",비즈니스
20230804,티웨이항공,12:10,ICN,13:55,KIX,"직항, 01시간 45분","366,250",비즈니스
20230804,아시아나항공,19:20,ICN,21:05,KIX,"직항, 01시간 45분","388,000",비즈니스
20230804,일본항공,18:55,ICN,21:00,KIX,"직항, 02시간 05분","452,700",비즈니스
20230804,일본항공,09:35,ICN,11:20,KIX,"직항, 01시간 45분","452,700",비즈니스
20230804,ANA,14:05,ICN,15:50,KIX,"직항, 01시간 45분","453,100",비즈니스
20230804,ANA,08:00,ICN,09:45,KIX,"직항, 01시간 45분","453,100",비즈니스
20230804,대한항공,09:35,ICN,11:20,KIX,"직항, 01시간 45분","468,200",비즈니스
20230804,대한항공,15:20,ICN,17:15,KIX,"직항, 01시간 55분","500,500",비즈니스
20230804,대한항공,18:55,ICN,21:00,KIX,"직항, 02시간 05분","500,500",비즈니스
20230805,제주항공,07:10,ICN,09:00,KIX,"직항, 01시간 50분","341,900",비즈니스
20230805,아시아나항공,19:20,ICN,21:05,KIX,"직항, 01시간 45분","359,900",비즈니스
20230805,아시아나항공,14:05,ICN,15:50,KIX,"직항, 01시간 45분","359,900",비즈니스
20230805,아시아나항공,08:00,ICN,09:45,KIX,"직항, 01시간 45분","359,900",비즈니스
20230805,티웨이항공,12:10,ICN,14:00,KIX,"직항, 01시간 50분","366,250",비즈니스
20230805,일본항공,18:55,ICN,21:00,KIX,"직항, 02시간 05분","452,700",비즈니스
20230805,일본항공,09:35,ICN,11:20,KIX,"직항, 01시간 45분","452,700",비즈니스
20230805,ANA,08:00,ICN,09:45,KIX,"직항, 01시간 45분","453,100",비즈니스
20230805,ANA,14:05,ICN,15:50,KIX,"직항, 01시간 45분","453,100",비즈니스
20230805,ANA,19:20,ICN,21:05,KIX,"직항, 01시간 45분","453,100",비즈니스
20230805,대한항공,09:35,ICN,11:20,KIX,"직항, 01시간 45분","468,200",비즈니스
20230805,대한항공,15:20,ICN,17:15,KIX,"직항, 01시간 55분","500,500",비즈니스
20230805,대한항공,18:55,ICN,21:00,KIX,"직항, 02시간 05분","500,500",비즈니스
20230806,제주항공,07:10,ICN,09:00,KIX,"직항, 01시간 50분","213,800",비즈니스
20230806,티웨이항공,12:10,ICN,14:00,KIX,"직항, 01시간 50분","264,350",비즈니스
20230806,아시아나항공,08:00,ICN,09:45,KIX,"직항, 01시간 45분","359,900",비즈니스
20230806,한에어,12:10,ICN,14:00,KIX,"직항, 01시간 50분","415,190",비즈니스
20230806,일본항공,09:35,ICN,11:20,KIX,"직항, 01시간 45분","452,700",비즈니스
20230806,ANA,08:00,ICN,09:45,KIX,"직항, 01시간 45분","453,100",비즈니스
20230806,대한항공,09:35,ICN,11:20,KIX,"직항, 01시간 45분","468,200",비즈니스
20230807,제주항공,07:10,ICN,09:00,KIX,"직항, 01시간 50분","207,072",비즈니스
20230807,티웨이항공,12:10,ICN,13:55,KIX,"직항, 01시간 45분","264,350",비즈니스
20230807,아시아나항공,08:00,ICN,09:45,KIX,"직항, 01시간 45분","359,900",비즈니스
20230807,아시아나항공,19:20,ICN,21:05,KIX,"직항, 01시간 45분","359,900",비즈니스
20230807,아시아나항공,14:05,ICN,15:50,KIX,"직항, 01시간 45분","388,000",비즈니스
20230807,한에어,12:10,ICN,13:55,KIX,"직항, 01시간 45분","415,531",비즈니스
20230807,일본항공,09:35,ICN,11:20,KIX,"직항, 01시간 45분","452,700",비즈니스
20230807,ANA,19:20,ICN,21:05,KIX,"직항, 01시간 45분","453,100",비즈니스
20230807,ANA,08:00,ICN,09:45,KIX,"직항, 01시간 45분","453,100",비즈니스
20230807,대한항공,09:35,ICN,11:20,KIX,"직항, 01시간 45분","500,500",비즈니스
20230807,대한항공,18:55,ICN,21:00,KIX,"직항, 02시간 05분","500,500",비즈니스
20230808,제주항공,07:10,ICN,09:00,KIX,"직항, 01시간 50분","207,115",비즈니스
20230808,티웨이항공,12:10,ICN,14:00,KIX,"직항, 01시간 50분","264,350",비즈니스
20230808,아시아나항공,14:05,ICN,15:50,KIX,"직항, 01시간 45분","359,900",비즈니스
20230808,아시아나항공,19:20,ICN,21:05,KIX,"직항, 01시간 45분","359,900",비즈니스
20230808,아시아나항공,08:00,ICN,09:45,KIX,"직항, 01시간 45분","359,900",비즈니스
20230808,한에어,12:10,ICN,14:00,KIX,"직항, 01시간 50분","415,247",비즈니스
20230808,일본항공,15:20,ICN,17:15,KIX,"직항, 01시간 55분","452,700",비즈니스
20230808,일본항공,09:35,ICN,11:20,KIX,"직항, 01시간 45분","452,700",비즈니스
20230808,일본항공,18:55,ICN,21:00,KIX,"직항, 02시간 05분","452,700",비즈니스
20230808,ANA,08:00,ICN,09:45,KIX,"직항, 01시간 45분","453,100",비즈니스
20230808,ANA,14:05,ICN,15:50,KIX,"직항, 01시간 45분","453,100",비즈니스
20230808,ANA,19:20,ICN,21:05,KIX,"직항, 01시간 45분","453,100",비즈니스
20230808,대한항공,09:35,ICN,11:20,KIX,"직항, 01시간 45분","468,200",비즈니스
20230808,대한항공,15:20,ICN,17:15,KIX,"직항, 01시간 55분","500,500",비즈니스
20230808,대한항공,18:55,ICN,21:00,KIX,"직항, 02시간 05분","500,500",비즈니스
20230809,제주항공,07:10,ICN,09:00,KIX,"직항, 01시간 50분","207,086",비즈니스
20230809,티웨이항공,12:10,ICN,14:00,KIX,"직항, 01시간 50분","264,350",비즈니스
20230809,아시아나항공,14:05,ICN,15:50,KIX,"직항, 01시간 45분","359,900",비즈니스
20230809,아시아나항공,08:00,ICN,09:45,KIX,"직항, 01시간 45분","359,900",비즈니스
20230809,아시아나항공,19:20,ICN,21:05,KIX,"직항, 01시간 45분","388,000",비즈니스
20230809,한에어,12:10,ICN,14:00,KIX,"직항, 01시간 50분","415,289",비즈니스
20230809,일본항공,18:55,ICN,21:00,KIX,"직항, 02시간 05분","452,700",비즈니스
20230809,일본항공,15:20,ICN,17:15,KIX,"직항, 01시간 55분","452,700",비즈니스
20230809,일본항공,09:35,ICN,11:20,KIX,"직항, 01시간 45분","452,700",비즈니스
20230809,ANA,08:00,ICN,09:45,KIX,"직항, 01시간 45분","453,100",비즈니스
20230809,ANA,14:05,ICN,15:50,KIX,"직항, 01시간 45분","453,100",비즈니스
20230809,대한항공,09:35,ICN,11:20,KIX,"직항, 01시간 45분","468,200",비즈니스
20230809,대한항공,18:55,ICN,21:00,KIX,"직항, 02시간 05분","500,500",비즈니스
20230809,대한항공,15:20,ICN,17:15,KIX,"직항, 01시간 55분","500,500",비즈니스
20230810,제주항공,07:10,ICN,09:00,KIX,"직항, 01시간 50분","208,800",비즈니스
20230810,티웨이항공,12:10,ICN,13:55,KIX,"직항, 01시간 45분","264,350",비즈니스
20230810,아시아나항공,08:00,ICN,09:45,KIX,"직항, 01시간 45분","359,900",비즈니스
20230810,아시아나항공,14:05,ICN,15:50,KIX,"직항, 01시간 45분","359,900",비즈니스
20230810,아시아나항공,19:20,ICN,21:05,KIX,"직항, 01시간 45분","388,000",비즈니스
20230810,일본항공,09:35,ICN,11:20,KIX,"직항, 01시간 45분","452,700",비즈니스
20230810,일본항공,15:20,ICN,17:15,KIX,"직항, 01시간 55분","452,700",비즈니스
20230810,ANA,08:00,ICN,09:45,KIX,"직항, 01시간 45분","453,100",비즈니스
20230810,ANA,14:05,ICN,15:50,KIX,"직항, 01시간 45분","453,100",비즈니스
20230810,대한항공,09:35,ICN,11:20,KIX,"직항, 01시간 45분","468,200",비즈니스
20230810,대한항공,15:20,ICN,17:15,KIX,"직항, 01시간 55분","500,500",비즈니스
20230811,제주항공,07:10,ICN,09:00,KIX,"직항, 01시간 50분","341,900",비즈니스
20230811,티웨이항공,12:10,ICN,13:55,KIX,"직항, 01시간 45분","366,250",비즈니스
20230811,아시아나항공,19:20,ICN,21:05,KIX,"직항, 01시간 45분","388,000",비즈니스
20230811,아시아나항공,08:00,ICN,09:45,KIX,"직항, 01시간 45분","388,000",비즈니스
20230811,아시아나항공,14:05,ICN,15:50,KIX,"직항, 01시간 45분","388,000",비즈니스
20230811,일본항공,15:20,ICN,17:15,KIX,"직항, 01시간 55분","452,700",비즈니스
20230811,일본항공,09:35,ICN,11:20,KIX,"직항, 01시간 45분","452,700",비즈니스
20230811,일본항공,18:55,ICN,21:00,KIX,"직항, 02시간 05분","452,700",비즈니스
20230811,ANA,19:20,ICN,21:05,KIX,"직항, 01시간 45분","453,100",비즈니스
20230811,ANA,14:05,ICN,15:50,KIX,"직항, 01시간 45분","453,100",비즈니스
20230811,ANA,08:00,ICN,09:45,KIX,"직항, 01시간 45분","453,100",비즈니스
20230811,대한항공,09:35,ICN,11:20,KIX,"직항, 01시간 45분","468,200",비즈니스
20230811,대한항공,18:55,ICN,21:00,KIX,"직항, 02시간 05분","500,500",비즈니스
20230811,대한항공,15:20,ICN,17:15,KIX,"직항, 01시간 55분","500,500",비즈니스
20230812,제주항공,07:10,ICN,09:00,KIX,"직항, 01시간 50분","341,900",비즈니스
20230812,아시아나항공,08:00,ICN,09:45,KIX,"직항, 01시간 45분","359,900",비즈니스
20230812,티웨이항공,12:10,ICN,14:00,KIX,"직항, 01시간 50분","366,250",비즈니스
20230812,ANA,08:00,ICN,09:45,KIX,"직항, 01시간 45분","453,100",비즈니스
20230812,아시아나항공,14:05,ICN,15:50,KIX,"직항, 01시간 45분","480,700",비즈니스
20230813,제주항공,07:10,ICN,09:00,KIX,"직항, 01시간 50분","312,400",비즈니스
20230813,티웨이항공,12:10,ICN,14:00,KIX,"직항, 01시간 50분","331,000",비즈니스
20230813,아시아나항공,08:00,ICN,09:45,KIX,"직항, 01시간 45분","388,000",비즈니스
20230813,일본항공,09:35,ICN,11:20,KIX,"직항, 01시간 45분","452,700",비즈니스
20230813,대한항공,09:35,ICN,11:20,KIX,"직항, 01시간 45분","500,500",비즈니스
20230814,티웨이항공,12:10,ICN,13:55,KIX,"직항, 01시간 45분","331,000",비즈니스
20230814,제주항공,07:10,ICN,09:00,KIX,"직항, 01시간 50분","341,900",비즈니스
20230814,아시아나항공,08:00,ICN,09:45,KIX,"직항, 01시간 45분","359,900",비즈니스
20230814,한에어,12:10,ICN,13:55,KIX,"직항, 01시간 45분","414,906",비즈니스
20230814,일본항공,09:35,ICN,11:20,KIX,"직항, 01시간 45분","452,700",비즈니스
20230814,ANA,08:00,ICN,09:45,KIX,"직항, 01시간 45분","453,100",비즈니스
20230814,대한항공,09:35,ICN,11:20,KIX,"직항, 01시간 45분","468,200",비즈니스
20230815,제주항공,07:10,ICN,09:00,KIX,"직항, 01시간 50분","312,400",비즈니스
20230815,아시아나항공,08:00,ICN,09:45,KIX,"직항, 01시간 45분","359,900",비즈니스
20230815,티웨이항공,12:10,ICN,14:00,KIX,"직항, 01시간 50분","366,250",비즈니스
20230815,일본항공,09:35,ICN,11:20,KIX,"직항, 01시간 45분","452,700",비즈니스
20230815,ANA,08:00,ICN,09:45,KIX,"직항, 01시간 45분","453,100",비즈니스
20230815,대한항공,09:35,ICN,11:20,KIX,"직항, 01시간 45분","500,500",비즈니스
20230816,제주항공,07:10,ICN,09:00,KIX,"직항, 01시간 50분","341,900",비즈니스
20230816,아시아나항공,08:00,ICN,09:45,KIX,"직항, 01시간 45분","359,900",비즈니스
20230816,티웨이항공,12:10,ICN,14:00,KIX,"직항, 01시간 50분","366,250",비즈니스
20230816,일본항공,09:35,ICN,11:20,KIX,"직항, 01시간 45분","452,700",비즈니스
20230816,ANA,08:00,ICN,09:45,KIX,"직항, 01시간 45분","453,100",비즈니스
20230816,ANA,19:20,ICN,21:05,KIX,"직항, 01시간 45분","453,100",비즈니스
20230816,대한항공,09:35,ICN,11:20,KIX,"직항, 01시간 45분","468,200",비즈니스
20230816,아시아나항공,19:20,ICN,21:05,KIX,"직항, 01시간 45분","480,700",비즈니스
20230817,티웨이항공,12:10,ICN,13:55,KIX,"직항, 01시간 45분","264,350",비즈니스
20230817,제주항공,07:10,ICN,09:00,KIX,"직항, 01시간 50분","341,900",비즈니스
20230817,아시아나항공,14:05,ICN,15:50,KIX,"직항, 01시간 45분","359,900",비즈니스
20230817,아시아나항공,08:00,ICN,09:45,KIX,"직항, 01시간 45분","359,900",비즈니스
20230817,아시아나항공,19:20,ICN,21:05,KIX,"직항, 01시간 45분","388,000",비즈니스
20230817,일본항공,09:35,ICN,11:20,KIX,"직항, 01시간 45분","452,700",비즈니스
20230817,일본항공,18:55,ICN,21:00,KIX,"직항, 02시간 05분","452,700",비즈니스
20230817,ANA,19:20,ICN,21:05,KIX,"직항, 01시간 45분","453,100",비즈니스
20230817,ANA,08:00,ICN,09:45,KIX,"직항, 01시간 45분","453,100",비즈니스
20230817,ANA,14:05,ICN,15:50,KIX,"직항, 01시간 45분","453,100",비즈니스
20230817,대한항공,09:35,ICN,11:20,KIX,"직항, 01시간 45분","468,200",비즈니스
20230817,대한항공,18:55,ICN,21:00,KIX,"직항, 02시간 05분","500,500",비즈니스
20230817,대한항공,15:20,ICN,17:15,KIX,"직항, 01시간 55분","500,500",비즈니스
20230818,티웨이항공,12:10,ICN,13:55,KIX,"직항, 01시간 45분","331,000",비즈니스
20230818,아시아나항공,19:20,ICN,21:05,KIX,"직항, 01시간 45분","359,900",비즈니스
20230818,아시아나항공,14:05,ICN,15:50,KIX,"직항, 01시간 45분","359,900",비즈니스
20230818,아시아나항공,08:00,ICN,09:45,KIX,"직항, 01시간 45분","359,900",비즈니스
20230818,제주항공,07:10,ICN,09:00,KIX,"직항, 01시간 50분","397,100",비즈니스
20230818,일본항공,09:35,ICN,11:20,KIX,"직항, 01시간 45분","452,700",비즈니스
20230818,일본항공,15:20,ICN,17:15,KIX,"직항, 01시간 55분","452,700",비즈니스
20230818,ANA,19:20,ICN,21:05,KIX,"직항, 01시간 45분","453,100",비즈니스
20230818,ANA,08:00,ICN,09:45,KIX,"직항, 01시간 45분","453,100",비즈니스
20230818,ANA,14:05,ICN,15:50,KIX,"직항, 01시간 45분","453,100",비즈니스
20230818,대한항공,09:35,ICN,11:20,KIX,"직항, 01시간 45분","468,200",비즈니스
20230818,대한항공,15:20,ICN,17:15,KIX,"직항, 01시간 55분","500,500",비즈니스
20230819,티웨이항공,12:10,ICN,14:00,KIX,"직항, 01시간 50분","331,000",비즈니스
20230819,아시아나항공,08:00,ICN,09:45,KIX,"직항, 01시간 45분","359,900",비즈니스
20230819,제주항공,07:10,ICN,09:00,KIX,"직항, 01시간 50분","397,100",비즈니스
20230819,일본항공,15:20,ICN,17:15,KIX,"직항, 01시간 55분","452,700",비즈니스
20230819,일본항공,09:35,ICN,11:20,KIX,"직항, 01시간 45분","452,700",비즈니스
20230819,ANA,08:00,ICN,09:45,KIX,"직항, 01시간 45분","453,100",비즈니스
20230819,대한항공,09:35,ICN,11:20,KIX,"직항, 01시간 45분","468,200",비즈니스
20230819,아시아나항공,14:05,ICN,15:50,KIX,"직항, 01시간 45분","480,700",비즈니스
20230819,아시아나항공,19:20,ICN,21:05,KIX,"직항, 01시간 45분","480,700",비즈니스
20230819,대한항공,15:20,ICN,17:15,KIX,"직항, 01시간 55분","500,500",비즈니스
20230820,티웨이항공,12:10,ICN,14:00,KIX,"직항, 01시간 50분","264,350",비즈니스
20230820,제주항공,07:10,ICN,09:00,KIX,"직항, 01시간 50분","341,900",비즈니스
20230820,아시아나항공,08:00,ICN,09:45,KIX,"직항, 01시간 45분","359,900",비즈니스
20230820,아시아나항공,14:05,ICN,15:50,KIX,"직항, 01시간 45분","388,000",비즈니스
20230820,일본항공,09:35,ICN,11:20,KIX,"직항, 01시간 45분","452,700",비즈니스
20230820,ANA,08:00,ICN,09:45,KIX,"직항, 01시간 45분","453,100",비즈니스
20230820,대한항공,09:35,ICN,11:20,KIX,"직항, 01시간 45분","468,200",비즈니스
20230821,티웨이항공,12:10,ICN,13:55,KIX,"직항, 01시간 45분","264,350",비즈니스
20230821,제주항공,07:10,ICN,09:00,KIX,"직항, 01시간 50분","341,900",비즈니스
20230821,아시아나항공,14:05,ICN,15:50,KIX,"직항, 01시간 45분","359,900",비즈니스
20230821,아시아나항공,08:00,ICN,09:45,KIX,"직항, 01시간 45분","388,000",비즈니스
20230821,아시아나항공,19:20,ICN,21:05,KIX,"직항, 01시간 45분","388,000",비즈니스
20230821,일본항공,09:35,ICN,11:20,KIX,"직항, 01시간 45분","452,700",비즈니스
20230821,ANA,14:05,ICN,15:50,KIX,"직항, 01시간 45분","453,100",비즈니스
20230821,ANA,19:20,ICN,21:05,KIX,"직항, 01시간 45분","453,100",비즈니스
20230821,ANA,08:00,ICN,09:45,KIX,"직항, 01시간 45분","453,100",비즈니스
20230821,대한항공,09:35,ICN,11:20,KIX,"직항, 01시간 45분","468,200",비즈니스
20230822,제주항공,07:10,ICN,09:00,KIX,"직항, 01시간 50분","217,800",비즈니스
20230822,티웨이항공,12:10,ICN,14:00,KIX,"직항, 01시간 50분","264,350",비즈니스
20230822,아시아나항공,08:00,ICN,09:45,KIX,"직항, 01시간 45분","359,900",비즈니스
20230822,아시아나항공,14:05,ICN,15:50,KIX,"직항, 01시간 45분","359,900",비즈니스
20230822,아시아나항공,19:20,ICN,21:05,KIX,"직항, 01시간 45분","359,900",비즈니스
20230822,일본항공,09:35,ICN,11:20,KIX,"직항, 01시간 45분","452,700",비즈니스
20230822,일본항공,15:20,ICN,17:15,KIX,"직항, 01시간 55분","452,700",비즈니스
20230822,ANA,19:20,ICN,21:05,KIX,"직항, 01시간 45분","453,100",비즈니스
20230822,ANA,08:00,ICN,09:45,KIX,"직항, 01시간 45분","453,100",비즈니스
20230822,ANA,14:05,ICN,15:50,KIX,"직항, 01시간 45분","453,100",비즈니스
20230822,대한항공,09:35,ICN,11:20,KIX,"직항, 01시간 45분","468,200",비즈니스
20230822,대한항공,15:20,ICN,17:15,KIX,"직항, 01시간 55분","500,500",비즈니스
20230822,대한항공,18:55,ICN,21:00,KIX,"직항, 02시간 05분","500,500",비즈니스
20230823,제주항공,07:10,ICN,09:00,KIX,"직항, 01시간 50분","217,800",비즈니스
20230823,티웨이항공,12:10,ICN,14:00,KIX,"직항, 01시간 50분","264,350",비즈니스
20230823,아시아나항공,19:20,ICN,21:05,KIX,"직항, 01시간 45분","359,900",비즈니스
20230823,아시아나항공,08:00,ICN,09:45,KIX,"직항, 01시간 45분","359,900",비즈니스
20230823,아시아나항공,14:05,ICN,15:50,KIX,"직항, 01시간 45분","359,900",비즈니스
20230823,일본항공,15:20,ICN,17:15,KIX,"직항, 01시간 55분","452,700",비즈니스
20230823,일본항공,18:55,ICN,21:00,KIX,"직항, 02시간 05분","452,700",비즈니스
20230823,일본항공,09:35,ICN,11:20,KIX,"직항, 01시간 45분","452,700",비즈니스
20230823,ANA,14:05,ICN,15:50,KIX,"직항, 01시간 45분","453,100",비즈니스
20230823,ANA,08:00,ICN,09:45,KIX,"직항, 01시간 45분","453,100",비즈니스
20230823,대한항공,09:35,ICN,11:20,KIX,"직항, 01시간 45분","468,200",비즈니스
20230823,대한항공,18:55,ICN,21:00,KIX,"직항, 02시간 05분","500,500",비즈니스
20230823,대한항공,15:20,ICN,17:15,KIX,"직항, 01시간 55분","500,500",비즈니스
20230824,제주항공,07:10,ICN,09:00,KIX,"직항, 01시간 50분","223,100",비즈니스
20230824,티웨이항공,12:10,ICN,13:55,KIX,"직항, 01시간 45분","264,350",비즈니스
20230824,아시아나항공,19:20,ICN,21:05,KIX,"직항, 01시간 45분","359,900",비즈니스
20230824,아시아나항공,08:00,ICN,09:45,KIX,"직항, 01시간 45분","359,900",비즈니스
20230824,아시아나항공,14:05,ICN,15:50,KIX,"직항, 01시간 45분","359,900",비즈니스
20230824,일본항공,15:20,ICN,17:15,KIX,"직항, 01시간 55분","452,700",비즈니스
20230824,일본항공,09:35,ICN,11:20,KIX,"직항, 01시간 45분","452,700",비즈니스
20230824,ANA,19:20,ICN,21:05,KIX,"직항, 01시간 45분","453,100",비즈니스
20230824,ANA,08:00,ICN,09:45,KIX,"직항, 01시간 45분","453,100",비즈니스
20230824,ANA,14:05,ICN,15:50,KIX,"직항, 01시간 45분","453,100",비즈니스
20230824,대한항공,09:35,ICN,11:20,KIX,"직항, 01시간 45분","468,200",비즈니스
20230824,대한항공,15:20,ICN,17:15,KIX,"직항, 01시간 55분","500,500",비즈니스
20230825,제주항공,07:10,ICN,09:00,KIX,"직항, 01시간 50분","217,800",비즈니스
20230825,티웨이항공,12:10,ICN,13:55,KIX,"직항, 01시간 45분","331,000",비즈니스
20230825,아시아나항공,08:00,ICN,09:45,KIX,"직항, 01시간 45분","359,900",비즈니스
20230825,아시아나항공,19:20,ICN,21:05,KIX,"직항, 01시간 45분","359,900",비즈니스
20230825,아시아나항공,14:05,ICN,15:50,KIX,"직항, 01시간 45분","359,900",비즈니스
20230825,일본항공,18:55,ICN,21:00,KIX,"직항, 02시간 05분","452,700",비즈니스
20230825,일본항공,15:20,ICN,17:15,KIX,"직항, 01시간 55분","452,700",비즈니스
20230825,일본항공,09:35,ICN,11:20,KIX,"직항, 01시간 45분","452,700",비즈니스
20230825,ANA,08:00,ICN,09:45,KIX,"직항, 01시간 45분","453,100",비즈니스
20230825,ANA,14:05,ICN,15:50,KIX,"직항, 01시간 45분","453,100",비즈니스
20230825,ANA,19:20,ICN,21:05,KIX,"직항, 01시간 45분","453,100",비즈니스
20230825,대한항공,15:20,ICN,17:15,KIX,"직항, 01시간 55분","500,500",비즈니스
20230825,대한항공,18:55,ICN,21:00,KIX,"직항, 02시간 05분","500,500",비즈니스
20230825,대한항공,09:35,ICN,11:20,KIX,"직항, 01시간 45분","500,500",비즈니스
20230826,티웨이항공,12:10,ICN,14:00,KIX,"직항, 01시간 50분","331,000",비즈니스
20230826,아시아나항공,19:20,ICN,21:05,KIX,"직항, 01시간 45분","359,900",비즈니스
20230826,아시아나항공,14:05,ICN,15:50,KIX,"직항, 01시간 45분","359,900",비즈니스
20230826,아시아나항공,08:00,ICN,09:45,KIX,"직항, 01시간 45분","359,900",비즈니스
20230826,제주항공,07:10,ICN,09:00,KIX,"직항, 01시간 50분","397,100",비즈니스
20230826,일본항공,09:35,ICN,11:20,KIX,"직항, 01시간 45분","452,700",비즈니스
20230826,일본항공,15:20,ICN,17:15,KIX,"직항, 01시간 55분","452,700",비즈니스
20230826,ANA,14:05,ICN,15:50,KIX,"직항, 01시간 45분","453,100",비즈니스
20230826,ANA,19:20,ICN,21:05,KIX,"직항, 01시간 45분","453,100",비즈니스
20230826,ANA,08:00,ICN,09:45,KIX,"직항, 01시간 45분","453,100",비즈니스
20230826,대한항공,09:35,ICN,11:20,KIX,"직항, 01시간 45분","468,200",비즈니스
20230826,대한항공,15:20,ICN,17:15,KIX,"직항, 01시간 55분","500,500",비즈니스
