date,airline_name,departure_time,departure_location,arrival_time,arrival_location,additional_info,ticket_price,seat_info
20230801,제주항공,09:50,KIX,11:50,ICN,"직항, 02시간 00분","305,077",프리미엄일반석
20230801,티웨이항공,15:20,KIX,17:20,ICN,"직항, 02시간 00분","441,100",프리미엄일반석
20230801,아시아나항공,10:55,KIX,12:45,ICN,"직항, 01시간 50분","538,064",프리미엄일반석
20230801,아시아나항공,09:10,KIX,11:00,ICN,"직항, 01시간 50분","538,064",프리미엄일반석
20230801,아시아나항공,17:05,KIX,19:00,ICN,"직항, 01시간 55분","538,560",프리미엄일반석
20230801,대한항공,12:30,KIX,14:20,ICN,"직항, 01시간 50분","727,700",프리미엄일반석
20230801,대한항공,10:25,KIX,12:15,ICN,"직항, 01시간 50분","835,762",프리미엄일반석
20230801,대한항공,18:25,KIX,20:15,ICN,"직항, 01시간 50분","835,762",프리미엄일반석
20230801,일본항공,12:30,KIX,14:20,ICN,"직항, 01시간 50분","1,798,900",프리미엄일반석
20230801,일본항공,18:25,KIX,20:15,ICN,"직항, 01시간 50분","1,798,900",프리미엄일반석
20230801,일본항공,10:25,KIX,12:15,ICN,"직항, 01시간 50분","1,798,900",프리미엄일반석
20230801,ANA,10:55,KIX,12:45,ICN,"직항, 01시간 50분","2,049,200",프리미엄일반석
20230801,ANA,17:05,KIX,19:00,ICN,"직항, 01시간 55분","2,049,200",프리미엄일반석
20230801,ANA,09:10,KIX,11:00,ICN,"직항, 01시간 50분","2,049,200",프리미엄일반석
20230802,제주항공,09:50,KIX,11:50,ICN,"직항, 02시간 00분","334,986",프리미엄일반석
20230802,티웨이항공,15:20,KIX,17:20,ICN,"직항, 02시간 00분","441,100",프리미엄일반석
20230802,한에어,15:20,KIX,17:20,ICN,"직항, 02시간 00분","450,903",프리미엄일반석
20230802,아시아나항공,09:10,KIX,11:00,ICN,"직항, 01시간 50분","538,064",프리미엄일반석
20230802,아시아나항공,10:55,KIX,12:45,ICN,"직항, 01시간 50분","538,064",프리미엄일반석
20230802,아시아나항공,17:05,KIX,19:00,ICN,"직항, 01시간 55분","538,560",프리미엄일반석
20230802,대한항공,12:30,KIX,14:20,ICN,"직항, 01시간 50분","540,767",프리미엄일반석
20230802,대한항공,10:25,KIX,12:15,ICN,"직항, 01시간 50분","835,762",프리미엄일반석
20230802,대한항공,18:25,KIX,20:15,ICN,"직항, 01시간 50분","835,762",프리미엄일반석
20230802,일본항공,10:25,KIX,12:15,ICN,"직항, 01시간 50분","1,798,900",프리미엄일반석
20230802,일본항공,18:25,KIX,20:15,ICN,"직항, 01시간 50분","1,798,900",프리미엄일반석
20230802,일본항공,12:30,KIX,14:20,ICN,"직항, 01시간 50분","1,798,900",프리미엄일반석
20230802,ANA,17:05,KIX,19:00,ICN,"직항, 01시간 55분","2,049,200",프리미엄일반석
20230803,제주항공,09:50,KIX,11:50,ICN,"직항, 02시간 00분","334,986",프리미엄일반석
20230803,티웨이항공,15:20,KIX,17:20,ICN,"직항, 02시간 00분","441,100",프리미엄일반석
20230803,한에어,15:20,KIX,17:20,ICN,"직항, 02시간 00분","450,903",프리미엄일반석
20230803,아시아나항공,10:55,KIX,12:45,ICN,"직항, 01시간 50분","538,064",프리미엄일반석
20230803,아시아나항공,09:10,KIX,11:00,ICN,"직항, 01시간 50분","538,064",프리미엄일반석
20230803,아시아나항공,17:05,KIX,19:00,ICN,"직항, 01시간 55분","538,560",프리미엄일반석
20230803,대한항공,18:25,KIX,20:15,ICN,"직항, 01시간 50분","835,762",프리미엄일반석
20230803,대한항공,12:30,KIX,14:20,ICN,"직항, 01시간 50분","835,762",프리미엄일반석
20230803,대한항공,10:25,KIX,12:15,ICN,"직항, 01시간 50분","835,762",프리미엄일반석
20230803,일본항공,10:25,KIX,12:15,ICN,"직항, 01시간 50분","1,798,900",프리미엄일반석
20230803,일본항공,12:30,KIX,14:20,ICN,"직항, 01시간 50분","1,798,900",프리미엄일반석
20230803,ANA,17:05,KIX,19:00,ICN,"직항, 01시간 55분","2,049,200",프리미엄일반석
20230803,ANA,09:10,KIX,11:00,ICN,"직항, 01시간 50분","2,053,307",프리미엄일반석
20230804,티웨이항공,15:20,KIX,17:20,ICN,"직항, 02시간 00분","441,100",프리미엄일반석
20230804,아시아나항공,09:10,KIX,11:00,ICN,"직항, 01시간 50분","735,847",프리미엄일반석
20230804,아시아나항공,10:55,KIX,12:45,ICN,"직항, 01시간 50분","735,847",프리미엄일반석
20230805,제주항공,09:50,KIX,11:50,ICN,"직항, 02시간 00분","407,300",프리미엄일반석
20230805,티웨이항공,15:20,KIX,17:20,ICN,"직항, 02시간 00분","441,100",프리미엄일반석
20230806,제주항공,09:50,KIX,11:50,ICN,"직항, 02시간 00분","375,089",프리미엄일반석
20230806,티웨이항공,15:20,KIX,17:20,ICN,"직항, 02시간 00분","441,100",프리미엄일반석
20230806,아시아나항공,09:10,KIX,11:00,ICN,"직항, 01시간 50분","537,680",프리미엄일반석
20230806,아시아나항공,17:05,KIX,19:00,ICN,"직항, 01시간 55분","538,177",프리미엄일반석
20230806,아시아나항공,10:55,KIX,12:45,ICN,"직항, 01시간 50분","735,847",프리미엄일반석
20230806,대한항공,10:25,KIX,12:15,ICN,"직항, 01시간 50분","835,762",프리미엄일반석
20230806,대한항공,18:25,KIX,20:15,ICN,"직항, 01시간 50분","835,762",프리미엄일반석
20230806,일본항공,10:25,KIX,12:15,ICN,"직항, 01시간 50분","1,798,900",프리미엄일반석
20230807,제주항공,09:50,KIX,11:50,ICN,"직항, 02시간 00분","334,503",프리미엄일반석
20230807,티웨이항공,15:20,KIX,17:20,ICN,"직항, 02시간 00분","441,100",프리미엄일반석
20230807,아시아나항공,09:10,KIX,11:00,ICN,"직항, 01시간 50분","537,439",프리미엄일반석
20230807,아시아나항공,10:55,KIX,12:45,ICN,"직항, 01시간 50분","537,439",프리미엄일반석
20230807,아시아나항공,17:05,KIX,19:00,ICN,"직항, 01시간 55분","537,936",프리미엄일반석
20230807,대한항공,12:30,KIX,14:20,ICN,"직항, 01시간 50분","727,700",프리미엄일반석
20230807,대한항공,18:25,KIX,20:15,ICN,"직항, 01시간 50분","835,762",프리미엄일반석
20230807,일본항공,12:30,KIX,14:20,ICN,"직항, 01시간 50분","1,798,900",프리미엄일반석
20230807,ANA,10:55,KIX,12:45,ICN,"직항, 01시간 50분","2,053,292",프리미엄일반석
20230808,제주항공,09:50,KIX,11:50,ICN,"직항, 02시간 00분","334,503",프리미엄일반석
20230808,티웨이항공,15:20,KIX,17:20,ICN,"직항, 02시간 00분","441,100",프리미엄일반석
20230808,한에어,15:20,KIX,17:20,ICN,"직항, 02시간 00분","450,818",프리미엄일반석
20230808,아시아나항공,09:10,KIX,11:00,ICN,"직항, 01시간 50분","535,524",프리미엄일반석
20230808,아시아나항공,17:05,KIX,19:00,ICN,"직항, 01시간 55분","536,006",프리미엄일반석
20230808,대한항공,12:30,KIX,14:20,ICN,"직항, 01시간 50분","540,767",프리미엄일반석
20230808,아시아나항공,10:55,KIX,12:45,ICN,"직항, 01시간 50분","735,776",프리미엄일반석
20230808,대한항공,10:25,KIX,12:15,ICN,"직항, 01시간 50분","835,762",프리미엄일반석
20230808,대한항공,18:25,KIX,20:15,ICN,"직항, 01시간 50분","835,762",프리미엄일반석
20230808,일본항공,18:25,KIX,20:15,ICN,"직항, 01시간 50분","1,798,900",프리미엄일반석
20230808,일본항공,12:30,KIX,14:20,ICN,"직항, 01시간 50분","1,798,900",프리미엄일반석
20230808,ANA,17:05,KIX,19:00,ICN,"직항, 01시간 55분","2,049,200",프리미엄일반석
20230809,제주항공,09:50,KIX,11:50,ICN,"직항, 02시간 00분","334,518",프리미엄일반석
20230809,티웨이항공,15:20,KIX,17:20,ICN,"직항, 02시간 00분","441,100",프리미엄일반석
20230809,한에어,15:20,KIX,17:20,ICN,"직항, 02시간 00분","450,804",프리미엄일반석
20230809,아시아나항공,09:10,KIX,11:00,ICN,"직항, 01시간 50분","535,495",프리미엄일반석
20230809,대한항공,12:30,KIX,14:20,ICN,"직항, 01시간 50분","540,767",프리미엄일반석
20230809,아시아나항공,10:55,KIX,12:45,ICN,"직항, 01시간 50분","735,762",프리미엄일반석
20230809,아시아나항공,17:05,KIX,19:00,ICN,"직항, 01시간 55분","735,762",프리미엄일반석
20230809,대한항공,10:25,KIX,12:15,ICN,"직항, 01시간 50분","835,762",프리미엄일반석
20230809,대한항공,18:25,KIX,20:15,ICN,"직항, 01시간 50분","835,762",프리미엄일반석
20230809,일본항공,12:30,KIX,14:20,ICN,"직항, 01시간 50분","1,798,900",프리미엄일반석
20230809,일본항공,18:25,KIX,20:15,ICN,"직항, 01시간 50분","1,798,900",프리미엄일반석
20230809,일본항공,10:25,KIX,12:15,ICN,"직항, 01시간 50분","1,798,900",프리미엄일반석
20230810,제주항공,09:50,KIX,11:50,ICN,"직항, 02시간 00분","352,800",프리미엄일반석
20230810,티웨이항공,15:20,KIX,17:20,ICN,"직항, 02시간 00분","441,100",프리미엄일반석
20230810,아시아나항공,17:05,KIX,19:00,ICN,"직항, 01시간 55분","563,100",프리미엄일반석
20230810,아시아나항공,10:55,KIX,12:45,ICN,"직항, 01시간 50분","764,700",프리미엄일반석
20230810,아시아나항공,09:10,KIX,11:00,ICN,"직항, 01시간 50분","764,700",프리미엄일반석
20230810,ANA,10:55,KIX,12:45,ICN,"직항, 01시간 50분","2,049,200",프리미엄일반석
20230811,제주항공,09:50,KIX,11:50,ICN,"직항, 02시간 00분","437,471",프리미엄일반석
20230811,티웨이항공,15:20,KIX,17:20,ICN,"직항, 02시간 00분","441,100",프리미엄일반석
20230812,제주항공,09:50,KIX,11:50,ICN,"직항, 02시간 00분","352,800",프리미엄일반석
20230812,티웨이항공,15:20,KIX,17:20,ICN,"직항, 02시간 00분","441,100",프리미엄일반석
20230812,아시아나항공,17:05,KIX,19:00,ICN,"직항, 01시간 55분","606,700",프리미엄일반석
20230812,ANA,17:05,KIX,19:00,ICN,"직항, 01시간 55분","2,049,200",프리미엄일반석
20230813,제주항공,09:50,KIX,11:50,ICN,"직항, 02시간 00분","352,800",프리미엄일반석
20230813,티웨이항공,15:20,KIX,17:20,ICN,"직항, 02시간 00분","400,300",프리미엄일반석
20230813,아시아나항공,17:05,KIX,19:00,ICN,"직항, 01시간 55분","563,100",프리미엄일반석
20230813,대한항공,18:25,KIX,20:15,ICN,"직항, 01시간 50분","878,300",프리미엄일반석
20230813,ANA,17:05,KIX,19:00,ICN,"직항, 01시간 55분","2,049,200",프리미엄일반석
20230814,티웨이항공,15:20,KIX,17:20,ICN,"직항, 02시간 00분","400,300",프리미엄일반석
20230814,제주항공,09:50,KIX,11:50,ICN,"직항, 02시간 00분","407,300",프리미엄일반석
20230814,대한항공,12:30,KIX,14:20,ICN,"직항, 01시간 50분","562,300",프리미엄일반석
20230814,아시아나항공,10:55,KIX,12:45,ICN,"직항, 01시간 50분","563,100",프리미엄일반석
20230814,아시아나항공,17:05,KIX,19:00,ICN,"직항, 01시간 55분","563,100",프리미엄일반석
20230814,아시아나항공,09:10,KIX,11:00,ICN,"직항, 01시간 50분","563,100",프리미엄일반석
20230814,대한항공,10:25,KIX,12:15,ICN,"직항, 01시간 50분","878,300",프리미엄일반석
20230814,일본항공,12:30,KIX,14:20,ICN,"직항, 01시간 50분","1,798,900",프리미엄일반석
20230814,일본항공,10:25,KIX,12:15,ICN,"직항, 01시간 50분","1,798,900",프리미엄일반석
20230814,ANA,10:55,KIX,12:45,ICN,"직항, 01시간 50분","2,049,200",프리미엄일반석
20230814,ANA,17:05,KIX,19:00,ICN,"직항, 01시간 55분","2,049,200",프리미엄일반석
20230814,ANA,09:10,KIX,11:00,ICN,"직항, 01시간 50분","2,049,200",프리미엄일반석
20230815,제주항공,09:50,KIX,11:50,ICN,"직항, 02시간 00분","407,300",프리미엄일반석
20230815,티웨이항공,15:20,KIX,17:20,ICN,"직항, 02시간 00분","441,100",프리미엄일반석
20230815,아시아나항공,10:55,KIX,12:45,ICN,"직항, 01시간 50분","563,100",프리미엄일반석
20230815,아시아나항공,09:10,KIX,11:00,ICN,"직항, 01시간 50분","563,100",프리미엄일반석
20230815,아시아나항공,17:05,KIX,19:00,ICN,"직항, 01시간 55분","764,700",프리미엄일반석
20230815,대한항공,10:25,KIX,12:15,ICN,"직항, 01시간 50분","878,300",프리미엄일반석
20230815,대한항공,12:30,KIX,14:20,ICN,"직항, 01시간 50분","878,300",프리미엄일반석
20230815,일본항공,10:25,KIX,12:15,ICN,"직항, 01시간 50분","1,798,900",프리미엄일반석
20230815,ANA,10:55,KIX,12:45,ICN,"직항, 01시간 50분","2,049,200",프리미엄일반석
20230815,ANA,09:10,KIX,11:00,ICN,"직항, 01시간 50분","2,049,200",프리미엄일반석
20230816,제주항공,09:50,KIX,11:50,ICN,"직항, 02시간 00분","352,800",프리미엄일반석
20230816,티웨이항공,15:20,KIX,17:20,ICN,"직항, 02시간 00분","400,300",프리미엄일반석
20230816,대한항공,12:30,KIX,14:20,ICN,"직항, 01시간 50분","562,300",프리미엄일반석
20230816,아시아나항공,10:55,KIX,12:45,ICN,"직항, 01시간 50분","563,100",프리미엄일반석
20230816,아시아나항공,17:05,KIX,19:00,ICN,"직항, 01시간 55분","563,100",프리미엄일반석
20230816,아시아나항공,09:10,KIX,11:00,ICN,"직항, 01시간 50분","563,100",프리미엄일반석
20230816,대한항공,10:25,KIX,12:15,ICN,"직항, 01시간 50분","878,300",프리미엄일반석
20230816,대한항공,18:25,KIX,20:15,ICN,"직항, 01시간 50분","878,300",프리미엄일반석
20230816,일본항공,12:30,KIX,14:20,ICN,"직항, 01시간 50분","1,798,900",프리미엄일반석
20230816,일본항공,18:25,KIX,20:15,ICN,"직항, 01시간 50분","1,798,900",프리미엄일반석
20230816,ANA,10:55,KIX,12:45,ICN,"직항, 01시간 50분","2,049,200",프리미엄일반석
20230816,ANA,17:05,KIX,19:00,ICN,"직항, 01시간 55분","2,049,200",프리미엄일반석
20230816,ANA,09:10,KIX,11:00,ICN,"직항, 01시간 50분","2,049,200",프리미엄일반석
20230817,티웨이항공,15:20,KIX,17:20,ICN,"직항, 02시간 00분","323,100",프리미엄일반석
20230817,제주항공,09:50,KIX,11:50,ICN,"직항, 02시간 00분","352,800",프리미엄일반석
20230817,대한항공,12:30,KIX,14:20,ICN,"직항, 01시간 50분","562,300",프리미엄일반석
20230817,아시아나항공,10:55,KIX,12:45,ICN,"직항, 01시간 50분","563,100",프리미엄일반석
20230817,아시아나항공,17:05,KIX,19:00,ICN,"직항, 01시간 55분","563,100",프리미엄일반석
20230817,아시아나항공,09:10,KIX,11:00,ICN,"직항, 01시간 50분","563,100",프리미엄일반석
20230817,대한항공,10:25,KIX,12:15,ICN,"직항, 01시간 50분","878,300",프리미엄일반석
20230817,대한항공,18:25,KIX,20:15,ICN,"직항, 01시간 50분","878,300",프리미엄일반석
20230817,일본항공,12:30,KIX,14:20,ICN,"직항, 01시간 50분","1,798,900",프리미엄일반석
20230817,ANA,10:55,KIX,12:45,ICN,"직항, 01시간 50분","2,049,200",프리미엄일반석
20230817,ANA,17:05,KIX,19:00,ICN,"직항, 01시간 55분","2,049,200",프리미엄일반석
20230817,ANA,09:10,KIX,11:00,ICN,"직항, 01시간 50분","2,049,200",프리미엄일반석
20230818,티웨이항공,15:20,KIX,17:20,ICN,"직항, 02시간 00분","323,100",프리미엄일반석
20230818,제주항공,09:50,KIX,11:50,ICN,"직항, 02시간 00분","352,800",프리미엄일반석
20230818,대한항공,12:30,KIX,14:20,ICN,"직항, 01시간 50분","605,900",프리미엄일반석
20230818,아시아나항공,10:55,KIX,12:45,ICN,"직항, 01시간 50분","606,700",프리미엄일반석
20230818,아시아나항공,17:05,KIX,19:00,ICN,"직항, 01시간 55분","606,700",프리미엄일반석
20230818,아시아나항공,09:10,KIX,11:00,ICN,"직항, 01시간 50분","606,700",프리미엄일반석
20230818,일본항공,12:30,KIX,14:20,ICN,"직항, 01시간 50분","1,798,900",프리미엄일반석
20230818,ANA,10:55,KIX,12:45,ICN,"직항, 01시간 50분","2,049,200",프리미엄일반석
20230818,ANA,17:05,KIX,19:00,ICN,"직항, 01시간 55분","2,049,200",프리미엄일반석
20230818,ANA,09:10,KIX,11:00,ICN,"직항, 01시간 50분","2,049,200",프리미엄일반석
20230819,티웨이항공,15:20,KIX,17:20,ICN,"직항, 02시간 00분","323,100",프리미엄일반석
20230819,제주항공,09:50,KIX,11:50,ICN,"직항, 02시간 00분","352,800",프리미엄일반석
20230819,아시아나항공,09:10,KIX,11:00,ICN,"직항, 01시간 50분","606,700",프리미엄일반석
20230819,아시아나항공,10:55,KIX,12:45,ICN,"직항, 01시간 50분","606,700",프리미엄일반석
20230819,아시아나항공,17:05,KIX,19:00,ICN,"직항, 01시간 55분","606,700",프리미엄일반석
20230819,대한항공,18:25,KIX,20:15,ICN,"직항, 01시간 50분","878,300",프리미엄일반석
20230819,ANA,09:10,KIX,11:00,ICN,"직항, 01시간 50분","2,049,200",프리미엄일반석
20230819,ANA,10:55,KIX,12:45,ICN,"직항, 01시간 50분","2,049,200",프리미엄일반석
20230819,ANA,17:05,KIX,19:00,ICN,"직항, 01시간 55분","2,049,200",프리미엄일반석
20230820,티웨이항공,15:20,KIX,17:20,ICN,"직항, 02시간 00분","400,300",프리미엄일반석
20230820,제주항공,09:50,KIX,11:50,ICN,"직항, 02시간 00분","407,300",프리미엄일반석
20230820,아시아나항공,10:55,KIX,12:45,ICN,"직항, 01시간 50분","563,100",프리미엄일반석
20230820,아시아나항공,17:05,KIX,19:00,ICN,"직항, 01시간 55분","563,100",프리미엄일반석
20230820,아시아나항공,09:10,KIX,11:00,ICN,"직항, 01시간 50분","563,100",프리미엄일반석
20230820,대한항공,12:30,KIX,14:20,ICN,"직항, 01시간 50분","878,300",프리미엄일반석
20230820,대한항공,18:25,KIX,20:15,ICN,"직항, 01시간 50분","878,300",프리미엄일반석
20230820,일본항공,12:30,KIX,14:20,ICN,"직항, 01시간 50분","1,798,900",프리미엄일반석
20230820,일본항공,18:25,KIX,20:15,ICN,"직항, 01시간 50분","1,798,900",프리미엄일반석
20230820,ANA,09:10,KIX,11:00,ICN,"직항, 01시간 50분","2,049,200",프리미엄일반석
20230820,ANA,17:05,KIX,19:00,ICN,"직항, 01시간 55분","2,049,200",프리미엄일반석
20230820,ANA,10:55,KIX,12:45,ICN,"직항, 01시간 50분","2,049,200",프리미엄일반석
20230821,제주항공,09:50,KIX,11:50,ICN,"직항, 02시간 00분","352,800",프리미엄일반석
20230821,티웨이항공,15:20,KIX,17:20,ICN,"직항, 02시간 00분","400,300",프리미엄일반석
20230821,대한항공,12:30,KIX,14:20,ICN,"직항, 01시간 50분","562,300",프리미엄일반석
20230821,아시아나항공,10:55,KIX,12:45,ICN,"직항, 01시간 50분","563,100",프리미엄일반석
20230821,아시아나항공,17:05,KIX,19:00,ICN,"직항, 01시간 55분","563,100",프리미엄일반석
20230821,아시아나항공,09:10,KIX,11:00,ICN,"직항, 01시간 50분","563,100",프리미엄일반석
20230821,대한항공,10:25,KIX,12:15,ICN,"직항, 01시간 50분","878,300",프리미엄일반석
20230821,대한항공,18:25,KIX,20:15,ICN,"직항, 01시간 50분","878,300",프리미엄일반석
20230821,일본항공,18:25,KIX,20:15,ICN,"직항, 01시간 50분","1,798,900",프리미엄일반석
20230821,일본항공,12:30,KIX,14:20,ICN,"직항, 01시간 50분","1,798,900",프리미엄일반석
20230821,일본항공,10:25,KIX,12:15,ICN,"직항, 01시간 50분","1,798,900",프리미엄일반석
20230821,ANA,10:55,KIX,12:45,ICN,"직항, 01시간 50분","2,049,200",프리미엄일반석
20230821,ANA,17:05,KIX,19:00,ICN,"직항, 01시간 55분","2,049,200",프리미엄일반석
20230821,ANA,09:10,KIX,11:00,ICN,"직항, 01시간 50분","2,049,200",프리미엄일반석
20230822,티웨이항공,15:20,KIX,17:20,ICN,"직항, 02시간 00분","323,100",프리미엄일반석
20230822,제주항공,09:50,KIX,11:50,ICN,"직항, 02시간 00분","352,800",프리미엄일반석
20230822,대한항공,12:30,KIX,14:20,ICN,"직항, 01시간 50분","562,300",프리미엄일반석
20230822,아시아나항공,10:55,KIX,12:45,ICN,"직항, 01시간 50분","563,100",프리미엄일반석
20230822,아시아나항공,17:05,KIX,19:00,ICN,"직항, 01시간 55분","563,100",프리미엄일반석
20230822,아시아나항공,09:10,KIX,11:00,ICN,"직항, 01시간 50분","563,100",프리미엄일반석
20230822,대한항공,10:25,KIX,12:15,ICN,"직항, 01시간 50분","878,300",프리미엄일반석
20230822,대한항공,18:25,KIX,20:15,ICN,"직항, 01시간 50분","878,300",프리미엄일반석
20230822,일본항공,10:25,KIX,12:15,ICN,"직항, 01시간 50분","1,798,900",프리미엄일반석
20230822,일본항공,12:30,KIX,14:20,ICN,"직항, 01시간 50분","1,798,900",프리미엄일반석
20230822,일본항공,18:25,KIX,20:15,ICN,"직항, 01시간 50분","1,798,900",프리미엄일반석
20230822,ANA,10:55,KIX,12:45,ICN,"직항, 01시간 50분","2,049,200",프리미엄일반석
20230822,ANA,17:05,KIX,19:00,ICN,"직항, 01시간 55분","2,049,200",프리미엄일반석
20230822,ANA,09:10,KIX,11:00,ICN,"직항, 01시간 50분","2,049,200",프리미엄일반석
20230823,티웨이항공,15:20,KIX,17:20,ICN,"직항, 02시간 00분","323,100",프리미엄일반석
20230823,제주항공,09:50,KIX,11:50,ICN,"직항, 02시간 00분","352,800",프리미엄일반석
20230823,대한항공,12:30,KIX,14:20,ICN,"직항, 01시간 50분","562,300",프리미엄일반석
20230823,아시아나항공,10:55,KIX,12:45,ICN,"직항, 01시간 50분","563,100",프리미엄일반석
20230823,아시아나항공,17:05,KIX,19:00,ICN,"직항, 01시간 55분","563,100",프리미엄일반석
20230823,아시아나항공,09:10,KIX,11:00,ICN,"직항, 01시간 50분","563,100",프리미엄일반석
20230823,대한항공,10:25,KIX,12:15,ICN,"직항, 01시간 50분","878,300",프리미엄일반석
20230823,대한항공,18:25,KIX,20:15,ICN,"직항, 01시간 50분","878,300",프리미엄일반석
20230823,일본항공,18:25,KIX,20:15,ICN,"직항, 01시간 50분","1,798,900",프리미엄일반석
20230823,일본항공,12:30,KIX,14:20,ICN,"직항, 01시간 50분","1,798,900",프리미엄일반석
20230823,ANA,17:05,KIX,19:00,ICN,"직항, 01시간 55분","2,049,200",프리미엄일반석
20230823,ANA,09:10,KIX,11:00,ICN,"직항, 01시간 50분","2,049,200",프리미엄일반석
20230823,ANA,10:55,KIX,12:45,ICN,"직항, 01시간 50분","2,049,200",프리미엄일반석
20230824,티웨이항공,15:20,KIX,17:20,ICN,"직항, 02시간 00분","323,100",프리미엄일반석
20230824,제주항공,09:50,KIX,11:50,ICN,"직항, 02시간 00분","352,800",프리미엄일반석
20230824,대한항공,12:30,KIX,14:20,ICN,"직항, 01시간 50분","562,300",프리미엄일반석
20230824,아시아나항공,10:55,KIX,12:45,ICN,"직항, 01시간 50분","563,100",프리미엄일반석
20230824,아시아나항공,17:05,KIX,19:00,ICN,"직항, 01시간 55분","563,100",프리미엄일반석
20230824,아시아나항공,09:10,KIX,11:00,ICN,"직항, 01시간 50분","563,100",프리미엄일반석
20230824,대한항공,18:25,KIX,20:15,ICN,"직항, 01시간 50분","878,300",프리미엄일반석
20230824,일본항공,18:25,KIX,20:15,ICN,"직항, 01시간 50분","1,798,900",프리미엄일반석
20230824,ANA,10:55,KIX,12:45,ICN,"직항, 01시간 50분","2,049,200",프리미엄일반석
20230824,ANA,17:05,KIX,19:00,ICN,"직항, 01시간 55분","2,049,200",프리미엄일반석
20230824,ANA,09:10,KIX,11:00,ICN,"직항, 01시간 50분","2,049,200",프리미엄일반석
20230825,티웨이항공,15:20,KIX,17:20,ICN,"직항, 02시간 00분","323,100",프리미엄일반석
20230825,제주항공,09:50,KIX,11:50,ICN,"직항, 02시간 00분","352,800",프리미엄일반석
20230825,아시아나항공,10:55,KIX,12:45,ICN,"직항, 01시간 50분","606,700",프리미엄일반석
20230825,아시아나항공,17:05,KIX,19:00,ICN,"직항, 01시간 55분","606,700",프리미엄일반석
20230825,아시아나항공,09:10,KIX,11:00,ICN,"직항, 01시간 50분","606,700",프리미엄일반석
20230825,대한항공,10:25,KIX,12:15,ICN,"직항, 01시간 50분","878,300",프리미엄일반석
20230825,대한항공,12:30,KIX,14:20,ICN,"직항, 01시간 50분","878,300",프리미엄일반석
20230825,ANA,10:55,KIX,12:45,ICN,"직항, 01시간 50분","2,049,200",프리미엄일반석
20230825,ANA,09:10,KIX,11:00,ICN,"직항, 01시간 50분","2,049,200",프리미엄일반석
20230825,ANA,17:05,KIX,19:00,ICN,"직항, 01시간 55분","2,049,200",프리미엄일반석
20230826,티웨이항공,15:20,KIX,17:20,ICN,"직항, 02시간 00분","323,100",프리미엄일반석
20230826,제주항공,09:50,KIX,11:50,ICN,"직항, 02시간 00분","407,300",프리미엄일반석
20230826,아시아나항공,17:05,KIX,19:00,ICN,"직항, 01시간 55분","606,700",프리미엄일반석
20230826,대한항공,12:30,KIX,14:20,ICN,"직항, 01시간 50분","763,900",프리미엄일반석
20230826,아시아나항공,09:10,KIX,11:00,ICN,"직항, 01시간 50분","764,700",프리미엄일반석
20230826,대한항공,10:25,KIX,12:15,ICN,"직항, 01시간 50분","878,300",프리미엄일반석
20230826,ANA,17:05,KIX,19:00,ICN,"직항, 01시간 55분","2,049,200",프리미엄일반석
20230827,티웨이항공,15:20,KIX,17:20,ICN,"직항, 02시간 00분","400,300",프리미엄일반석
20230827,제주항공,09:50,KIX,11:50,ICN,"직항, 02시간 00분","407,300",프리미엄일반석
20230827,대한항공,12:30,KIX,14:20,ICN,"직항, 01시간 50분","562,300",프리미엄일반석
20230827,아시아나항공,10:55,KIX,12:45,ICN,"직항, 01시간 50분","563,100",프리미엄일반석
20230827,아시아나항공,17:05,KIX,19:00,ICN,"직항, 01시간 55분","563,100",프리미엄일반석
20230827,아시아나항공,09:10,KIX,11:00,ICN,"직항, 01시간 50분","563,100",프리미엄일반석
20230827,대한항공,10:25,KIX,12:15,ICN,"직항, 01시간 50분","878,300",프리미엄일반석
20230827,일본항공,12:30,KIX,14:20,ICN,"직항, 01시간 50분","1,798,900",프리미엄일반석
20230827,ANA,09:10,KIX,11:00,ICN,"직항, 01시간 50분","2,049,200",프리미엄일반석
20230827,ANA,17:05,KIX,19:00,ICN,"직항, 01시간 55분","2,049,200",프리미엄일반석
20230827,ANA,10:55,KIX,12:45,ICN,"직항, 01시간 50분","2,049,200",프리미엄일반석
20230828,티웨이항공,15:20,KIX,17:20,ICN,"직항, 02시간 00분","323,100",프리미엄일반석
20230828,제주항공,09:50,KIX,11:50,ICN,"직항, 02시간 00분","352,800",프리미엄일반석
20230828,대한항공,12:30,KIX,14:20,ICN,"직항, 01시간 50분","562,300",프리미엄일반석
20230828,아시아나항공,10:55,KIX,12:45,ICN,"직항, 01시간 50분","563,100",프리미엄일반석
20230828,아시아나항공,17:05,KIX,19:00,ICN,"직항, 01시간 55분","563,100",프리미엄일반석
20230828,아시아나항공,09:10,KIX,11:00,ICN,"직항, 01시간 50분","563,100",프리미엄일반석
20230828,대한항공,18:25,KIX,20:15,ICN,"직항, 01시간 50분","878,300",프리미엄일반석
20230828,일본항공,12:30,KIX,14:20,ICN,"직항, 01시간 50분","1,798,900",프리미엄일반석
20230828,일본항공,18:25,KIX,20:15,ICN,"직항, 01시간 50분","1,798,900",프리미엄일반석
20230828,ANA,10:55,KIX,12:45,ICN,"직항, 01시간 50분","2,049,200",프리미엄일반석
20230828,ANA,17:05,KIX,19:00,ICN,"직항, 01시간 55분","2,049,200",프리미엄일반석
20230828,ANA,09:10,KIX,11:00,ICN,"직항, 01시간 50분","2,049,200",프리미엄일반석
20230829,제주항공,09:50,KIX,11:50,ICN,"직항, 02시간 00분","223,800",프리미엄일반석
20230829,티웨이항공,15:20,KIX,17:20,ICN,"직항, 02시간 00분","323,100",프리미엄일반석
20230829,대한항공,12:30,KIX,14:20,ICN,"직항, 01시간 50분","562,300",프리미엄일반석
20230829,아시아나항공,10:55,KIX,12:45,ICN,"직항, 01시간 50분","563,100",프리미엄일반석
20230829,아시아나항공,17:05,KIX,19:00,ICN,"직항, 01시간 55분","563,100",프리미엄일반석
20230829,아시아나항공,09:10,KIX,11:00,ICN,"직항, 01시간 50분","563,100",프리미엄일반석
20230829,대한항공,10:25,KIX,12:15,ICN,"직항, 01시간 50분","878,300",프리미엄일반석
20230829,대한항공,18:25,KIX,20:15,ICN,"직항, 01시간 50분","878,300",프리미엄일반석
20230829,일본항공,10:25,KIX,12:15,ICN,"직항, 01시간 50분","1,798,900",프리미엄일반석
20230829,일본항공,12:30,KIX,14:20,ICN,"직항, 01시간 50분","1,798,900",프리미엄일반석
20230829,일본항공,18:25,KIX,20:15,ICN,"직항, 01시간 50분","1,798,900",프리미엄일반석
20230829,ANA,10:55,KIX,12:45,ICN,"직항, 01시간 50분","2,049,200",프리미엄일반석
20230829,ANA,09:10,KIX,11:00,ICN,"직항, 01시간 50분","2,049,200",프리미엄일반석
20230829,ANA,17:05,KIX,19:00,ICN,"직항, 01시간 55분","2,049,200",프리미엄일반석
20230830,제주항공,09:50,KIX,11:50,ICN,"직항, 02시간 00분","223,800",프리미엄일반석
20230830,티웨이항공,15:20,KIX,17:20,ICN,"직항, 02시간 00분","323,100",프리미엄일반석
20230830,대한항공,12:30,KIX,14:20,ICN,"직항, 01시간 50분","562,300",프리미엄일반석
20230830,아시아나항공,10:55,KIX,12:45,ICN,"직항, 01시간 50분","563,100",프리미엄일반석
20230830,아시아나항공,17:05,KIX,19:00,ICN,"직항, 01시간 55분","563,100",프리미엄일반석
20230830,아시아나항공,09:10,KIX,11:00,ICN,"직항, 01시간 50분","563,100",프리미엄일반석
20230830,대한항공,10:25,KIX,12:15,ICN,"직항, 01시간 50분","878,300",프리미엄일반석
20230830,대한항공,18:25,KIX,20:15,ICN,"직항, 01시간 50분","878,300",프리미엄일반석
20230830,일본항공,10:25,KIX,12:15,ICN,"직항, 01시간 50분","1,798,900",프리미엄일반석
20230830,일본항공,12:30,KIX,14:20,ICN,"직항, 01시간 50분","1,798,900",프리미엄일반석
20230830,ANA,10:55,KIX,12:45,ICN,"직항, 01시간 50분","2,049,200",프리미엄일반석
20230830,ANA,17:05,KIX,19:00,ICN,"직항, 01시간 55분","2,049,200",프리미엄일반석
20230830,ANA,09:10,KIX,11:00,ICN,"직항, 01시간 50분","2,049,200",프리미엄일반석
20230831,티웨이항공,15:20,KIX,17:20,ICN,"직항, 02시간 00분","323,100",프리미엄일반석
20230831,제주항공,09:50,KIX,11:50,ICN,"직항, 02시간 00분","352,800",프리미엄일반석
20230831,대한항공,12:30,KIX,14:20,ICN,"직항, 01시간 50분","562,300",프리미엄일반석
20230831,아시아나항공,10:55,KIX,12:45,ICN,"직항, 01시간 50분","563,100",프리미엄일반석
20230831,아시아나항공,17:05,KIX,19:00,ICN,"직항, 01시간 55분","563,100",프리미엄일반석
20230831,아시아나항공,09:10,KIX,11:00,ICN,"직항, 01시간 50분","563,100",프리미엄일반석
20230831,대한항공,10:25,KIX,12:15,ICN,"직항, 01시간 50분","878,300",프리미엄일반석
20230831,대한항공,18:25,KIX,20:15,ICN,"직항, 01시간 50분","878,300",프리미엄일반석
20230831,일본항공,18:25,KIX,20:15,ICN,"직항, 01시간 50분","1,798,900",프리미엄일반석
20230831,일본항공,12:30,KIX,14:20,ICN,"직항, 01시간 50분","1,798,900",프리미엄일반석
20230831,일본항공,10:25,KIX,12:15,ICN,"직항, 01시간 50분","1,798,900",프리미엄일반석
20230831,ANA,10:55,KIX,12:45,ICN,"직항, 01시간 50분","2,049,200",프리미엄일반석
20230831,ANA,17:05,KIX,19:00,ICN,"직항, 01시간 55분","2,049,200",프리미엄일반석
20230831,ANA,09:10,KIX,11:00,ICN,"직항, 01시간 50분","2,049,200",프리미엄일반석
